"Label (Grouping)","Alabama!!Total!!Estimate","Alabama!!Number Uninsured!!Estimate","Alabama!!Percent Uninsured!!Estimate","Alaska!!Total!!Estimate","Alaska!!Number Uninsured!!Estimate","Alaska!!Percent Uninsured!!Estimate","Arizona!!Total!!Estimate","Arizona!!Number Uninsured!!Estimate","Arizona!!Percent Uninsured!!Estimate","Arkansas!!Total!!Estimate","Arkansas!!Number Uninsured!!Estimate","Arkansas!!Percent Uninsured!!Estimate","California!!Total!!Estimate","California!!Number Uninsured!!Estimate","California!!Percent Uninsured!!Estimate","Colorado!!Total!!Estimate","Colorado!!Number Uninsured!!Estimate","Colorado!!Percent Uninsured!!Estimate","Connecticut!!Total!!Estimate","Connecticut!!Number Uninsured!!Estimate","Connecticut!!Percent Uninsured!!Estimate","Delaware!!Total!!Estimate","Delaware!!Number Uninsured!!Estimate","Delaware!!Percent Uninsured!!Estimate","District of Columbia!!Total!!Estimate","District of Columbia!!Number Uninsured!!Estimate","District of Columbia!!Percent Uninsured!!Estimate","Florida!!Total!!Estimate","Florida!!Number Uninsured!!Estimate","Florida!!Percent Uninsured!!Estimate","Georgia!!Total!!Estimate","Georgia!!Number Uninsured!!Estimate","Georgia!!Percent Uninsured!!Estimate","Hawaii!!Total!!Estimate","Hawaii!!Number Uninsured!!Estimate","Hawaii!!Percent Uninsured!!Estimate","Idaho!!Total!!Estimate","Idaho!!Number Uninsured!!Estimate","Idaho!!Percent Uninsured!!Estimate","Illinois!!Total!!Estimate","Illinois!!Number Uninsured!!Estimate","Illinois!!Percent Uninsured!!Estimate","Indiana!!Total!!Estimate","Indiana!!Number Uninsured!!Estimate","Indiana!!Percent Uninsured!!Estimate","Iowa!!Total!!Estimate","Iowa!!Number Uninsured!!Estimate","Iowa!!Percent Uninsured!!Estimate","Kansas!!Total!!Estimate","Kansas!!Number Uninsured!!Estimate","Kansas!!Percent Uninsured!!Estimate","Kentucky!!Total!!Estimate","Kentucky!!Number Uninsured!!Estimate","Kentucky!!Percent Uninsured!!Estimate","Louisiana!!Total!!Estimate","Louisiana!!Number Uninsured!!Estimate","Louisiana!!Percent Uninsured!!Estimate","Maine!!Total!!Estimate","Maine!!Number Uninsured!!Estimate","Maine!!Percent Uninsured!!Estimate","Maryland!!Total!!Estimate","Maryland!!Number Uninsured!!Estimate","Maryland!!Percent Uninsured!!Estimate","Massachusetts!!Total!!Estimate","Massachusetts!!Number Uninsured!!Estimate","Massachusetts!!Percent Uninsured!!Estimate","Michigan!!Total!!Estimate","Michigan!!Number Uninsured!!Estimate","Michigan!!Percent Uninsured!!Estimate","Minnesota!!Total!!Estimate","Minnesota!!Number Uninsured!!Estimate","Minnesota!!Percent Uninsured!!Estimate","Mississippi!!Total!!Estimate","Mississippi!!Number Uninsured!!Estimate","Mississippi!!Percent Uninsured!!Estimate","Missouri!!Total!!Estimate","Missouri!!Number Uninsured!!Estimate","Missouri!!Percent Uninsured!!Estimate","Montana!!Total!!Estimate","Montana!!Number Uninsured!!Estimate","Montana!!Percent Uninsured!!Estimate","Nebraska!!Total!!Estimate","Nebraska!!Number Uninsured!!Estimate","Nebraska!!Percent Uninsured!!Estimate","Nevada!!Total!!Estimate","Nevada!!Number Uninsured!!Estimate","Nevada!!Percent Uninsured!!Estimate","New Hampshire!!Total!!Estimate","New Hampshire!!Number Uninsured!!Estimate","New Hampshire!!Percent Uninsured!!Estimate","New Jersey!!Total!!Estimate","New Jersey!!Number Uninsured!!Estimate","New Jersey!!Percent Uninsured!!Estimate","New Mexico!!Total!!Estimate","New Mexico!!Number Uninsured!!Estimate","New Mexico!!Percent Uninsured!!Estimate","New York!!Total!!Estimate","New York!!Number Uninsured!!Estimate","New York!!Percent Uninsured!!Estimate","North Carolina!!Total!!Estimate","North Carolina!!Number Uninsured!!Estimate","North Carolina!!Percent Uninsured!!Estimate","North Dakota!!Total!!Estimate","North Dakota!!Number Uninsured!!Estimate","North Dakota!!Percent Uninsured!!Estimate","Ohio!!Total!!Estimate","Ohio!!Number Uninsured!!Estimate","Ohio!!Percent Uninsured!!Estimate","Oklahoma!!Total!!Estimate","Oklahoma!!Number Uninsured!!Estimate","Oklahoma!!Percent Uninsured!!Estimate","Oregon!!Total!!Estimate","Oregon!!Number Uninsured!!Estimate","Oregon!!Percent Uninsured!!Estimate","Pennsylvania!!Total!!Estimate","Pennsylvania!!Number Uninsured!!Estimate","Pennsylvania!!Percent Uninsured!!Estimate","Rhode Island!!Total!!Estimate","Rhode Island!!Number Uninsured!!Estimate","Rhode Island!!Percent Uninsured!!Estimate","South Carolina!!Total!!Estimate","South Carolina!!Number Uninsured!!Estimate","South Carolina!!Percent Uninsured!!Estimate","South Dakota!!Total!!Estimate","South Dakota!!Number Uninsured!!Estimate","South Dakota!!Percent Uninsured!!Estimate","Tennessee!!Total!!Estimate","Tennessee!!Number Uninsured!!Estimate","Tennessee!!Percent Uninsured!!Estimate","Texas!!Total!!Estimate","Texas!!Number Uninsured!!Estimate","Texas!!Percent Uninsured!!Estimate","Utah!!Total!!Estimate","Utah!!Number Uninsured!!Estimate","Utah!!Percent Uninsured!!Estimate","Vermont!!Total!!Estimate","Vermont!!Number Uninsured!!Estimate","Vermont!!Percent Uninsured!!Estimate","Virginia!!Total!!Estimate","Virginia!!Number Uninsured!!Estimate","Virginia!!Percent Uninsured!!Estimate","Washington!!Total!!Estimate","Washington!!Number Uninsured!!Estimate","Washington!!Percent Uninsured!!Estimate","West Virginia!!Total!!Estimate","West Virginia!!Number Uninsured!!Estimate","West Virginia!!Percent Uninsured!!Estimate","Wisconsin!!Total!!Estimate","Wisconsin!!Number Uninsured!!Estimate","Wisconsin!!Percent Uninsured!!Estimate","Wyoming!!Total!!Estimate","Wyoming!!Number Uninsured!!Estimate","Wyoming!!Percent Uninsured!!Estimate","Puerto Rico!!Total!!Estimate","Puerto Rico!!Number Uninsured!!Estimate","Puerto Rico!!Percent Uninsured!!Estimate"
"Total civilian noninstitutionalized population","4,741,698","632,499","13.3%","708,946","145,288","20.5%","6,443,654","1,130,959","17.6%","2,896,297","476,310","16.4%","37,524,274","6,709,586","17.9%","5,094,766","751,244","14.7%","3,534,619","321,972","9.1%","902,915","79,894","8.8%","621,380","36,854","5.9%","19,011,070","3,815,840","20.1%","9,719,411","1,792,319","18.4%","1,341,708","92,338","6.9%","1,575,682","254,743","16.2%","12,698,371","1,622,465","12.8%","6,437,142","919,866","14.3%","3,028,864","254,275","8.4%","2,825,416","355,564","12.6%","4,292,718","595,460","13.9%","4,498,884","759,627","16.9%","1,315,703","134,709","10.2%","5,788,196","597,554","10.3%","6,566,851","254,295","3.9%","9,772,550","1,114,321","11.4%","5,319,783","424,662","8.0%","2,918,405","497,510","17.0%","5,908,769","801,380","13.6%","989,823","178,412","18.0%","1,826,832","205,607","11.3%","2,723,965","603,425","22.2%","1,306,026","138,842","10.6%","8,756,542","1,112,809","12.7%","2,051,805","377,986","18.4%","19,316,728","2,102,909","10.9%","9,552,529","1,582,240","16.6%","684,776","68,524","10.0%","11,371,766","1,304,247","11.5%","3,733,058","685,076","18.4%","3,860,452","576,009","14.9%","12,559,315","1,224,649","9.8%","1,034,895","114,865","11.1%","4,623,171","778,181","16.8%","816,425","94,133","11.5%","6,354,629","882,120","13.9%","25,584,499","5,762,358","22.5%","2,829,001","409,171","14.5%","619,928","40,053","6.5%","7,973,466","999,735","12.5%","6,793,078","944,771","13.9%","1,826,512","263,809","14.4%","5,652,085","505,998","9.0%","567,082","87,084","15.4%","3,641,762","263,111","7.2%"
"AGE","","","","","","","","","","","","","","","","","","","","","","","","","","","","","","","","","","","","","","","","","","","","","","","","","","","","","","","","","","","","","","","","","","","","","","","","","","","","","","","","","","","","","","","","","","","","","","","","","","","","","","","","","","","","","","","","","","","","","","","","","","","","","","","","","","","","","","","","","","","","","","","","","","","","","","","","","","","",""
"    Under 18 years","1,123,000","45,610","4.1%","187,072","25,957","13.9%","1,617,380","213,962","13.2%","709,407","42,150","5.9%","9,223,488","730,092","7.9%","1,229,008","108,695","8.8%","791,825","29,928","3.8%","204,494","7,165","3.5%","109,182","1,870","1.7%","3,991,143","436,166","10.9%","2,492,161","219,961","8.8%","302,565","10,463","3.5%","423,926","36,029","8.5%","3,059,055","101,466","3.3%","1,585,435","133,920","8.4%","720,427","28,692","4.0%","719,917","47,858","6.6%","1,016,026","56,358","5.5%","1,117,427","59,071","5.3%","265,495","12,240","4.6%","1,341,118","51,451","3.8%","1,397,972","20,206","1.4%","2,263,671","90,045","4.0%","1,275,509","68,485","5.4%","745,603","54,741","7.3%","1,399,674","98,033","7.0%","219,198","24,402","11.1%","461,309","27,806","6.0%","663,481","110,147","16.6%","274,563","10,898","4.0%","2,024,150","102,816","5.1%","515,341","41,435","8.0%","4,252,821","167,667","3.9%","2,281,544","172,961","7.6%","153,705","10,549","6.9%","2,656,700","140,666","5.3%","934,617","94,209","10.1%","859,846","54,630","6.4%","2,730,989","138,954","5.1%","216,675","9,790","4.5%","1,078,022","89,114","8.3%","203,033","11,835","5.8%","1,490,249","84,530","5.7%","6,971,878","863,290","12.4%","884,012","89,691","10.1%","123,563","3,491","2.8%","1,851,845","103,938","5.6%","1,583,595","91,079","5.8%","382,980","15,023","3.9%","1,315,276","61,557","4.7%","136,132","12,715","9.3%","848,730","35,439","4.2%"
"    18 to 64 years","2,937,335","585,091","19.9%","460,946","118,818","25.8%","3,866,694","905,320","23.4%","1,761,365","432,449","24.6%","23,798,381","5,901,869","24.8%","3,270,163","639,004","19.5%","2,233,159","287,077","12.9%","561,217","71,580","12.8%","442,390","34,557","7.8%","11,578,613","3,332,786","28.8%","6,117,277","1,561,266","25.5%","833,610","79,981","9.6%","944,959","217,945","23.1%","8,006,505","1,501,494","18.8%","3,998,258","782,017","19.6%","1,862,753","224,733","12.1%","1,729,836","305,904","17.7%","2,685,735","537,832","20.0%","2,804,831","696,596","24.8%","830,767","122,103","14.7%","3,708,246","537,043","14.5%","4,246,935","230,866","5.4%","6,104,749","1,019,623","16.7%","3,344,084","353,988","10.6%","1,783,844","441,612","24.8%","3,661,457","699,830","19.1%","616,796","153,310","24.9%","1,121,006","176,726","15.8%","1,705,729","486,535","28.5%","844,577","126,941","15.0%","5,520,629","990,888","17.9%","1,246,884","332,057","26.6%","12,402,577","1,909,529","15.4%","5,966,410","1,401,334","23.5%","436,041","57,666","13.2%","7,076,483","1,156,364","16.3%","2,281,244","587,283","25.7%","2,428,162","518,552","21.4%","7,867,912","1,075,431","13.7%","666,700","103,742","15.6%","2,868,533","683,224","23.8%","499,064","81,811","16.4%","3,971,009","793,616","20.0%","15,858,474","4,843,493","30.5%","1,677,068","317,679","18.9%","401,075","36,397","9.1%","5,085,461","885,395","17.4%","4,321,655","845,791","19.6%","1,140,973","247,735","21.7%","3,542,388","441,709","12.5%","358,028","73,831","20.6%","2,218,215","222,858","10.0%"
"    65 years and older","681,363","1,798","0.3%","60,928","513","0.8%","959,580","11,677","1.2%","425,525","1,711","0.4%","4,502,405","77,625","1.7%","595,595","3,545","0.6%","509,635","4,967","1.0%","137,204","1,149","0.8%","69,808","427","0.6%","3,441,314","46,888","1.4%","1,109,973","11,092","1.0%","205,533","1,894","0.9%","206,797","769","0.4%","1,632,811","19,505","1.2%","853,449","3,929","0.5%","445,684","850","0.2%","375,663","1,802","0.5%","590,957","1,270","0.2%","576,626","3,960","0.7%","219,441","366","0.2%","738,832","9,060","1.2%","921,944","3,223","0.3%","1,404,130","4,653","0.3%","700,190","2,189","0.3%","388,958","1,157","0.3%","847,638","3,517","0.4%","153,829","700","0.5%","244,517","1,075","0.4%","354,755","6,743","1.9%","186,886","1,003","0.5%","1,211,763","19,105","1.6%","289,580","4,494","1.6%","2,661,330","25,713","1.0%","1,304,575","7,945","0.6%","95,030","309","0.3%","1,638,583","7,217","0.4%","517,197","3,584","0.7%","572,444","2,827","0.5%","1,960,414","10,264","0.5%","151,520","1,333","0.9%","676,616","5,843","0.9%","114,328","487","0.4%","893,371","3,974","0.4%","2,754,147","55,575","2.0%","267,921","1,801","0.7%","95,290","165","0.2%","1,036,160","10,402","1.0%","887,828","7,901","0.9%","302,559","1,051","0.3%","794,421","2,732","0.3%","72,922","538","0.7%","574,817","4,814","0.8%"
"19 to 25 years","469,708","121,676","25.9%","72,420","21,838","30.2%","625,420","188,319","30.1%","275,961","90,998","33.0%","3,940,679","1,229,636","31.2%","489,799","122,137","24.9%","325,760","57,203","17.6%","89,929","16,614","18.5%","84,345","6,046","7.2%","1,762,971","645,486","36.6%","960,002","312,998","32.6%","123,746","14,749","11.9%","148,328","40,350","27.2%","1,221,793","292,107","23.9%","646,858","160,247","24.8%","306,901","47,774","15.6%","281,655","64,381","22.9%","404,759","113,713","28.1%","456,807","140,590","30.8%","106,835","21,263","19.9%","555,926","102,315","18.4%","673,472","47,751","7.1%","959,506","208,097","21.7%","490,345","70,984","14.5%","297,808","104,592","35.1%","567,649","141,982","25.0%","92,836","29,877","32.2%","177,084","36,053","20.4%","255,801","94,348","36.9%","122,312","20,346","16.6%","769,394","173,716","22.6%","194,615","70,462","36.2%","1,985,749","358,583","18.1%","910,801","272,218","29.9%","81,409","12,929","15.9%","1,079,354","222,663","20.6%","373,591","122,176","32.7%","364,319","95,715","26.3%","1,224,546","213,027","17.4%","115,780","23,554","20.3%","454,982","140,080","30.8%","81,249","19,473","24.0%","605,578","150,574","24.9%","2,587,275","1,037,229","40.1%","321,063","68,737","21.4%","63,585","7,055","11.1%","758,695","165,524","21.8%","645,871","174,762","27.1%","167,345","51,619","30.8%","533,759","93,213","17.5%","55,228","12,994","23.5%","369,773","38,417","10.4%"
"SEX","","","","","","","","","","","","","","","","","","","","","","","","","","","","","","","","","","","","","","","","","","","","","","","","","","","","","","","","","","","","","","","","","","","","","","","","","","","","","","","","","","","","","","","","","","","","","","","","","","","","","","","","","","","","","","","","","","","","","","","","","","","","","","","","","","","","","","","","","","","","","","","","","","","","","","","","","","","",""
"    Male","2,275,730","325,247","14.3%","362,461","80,698","22.3%","3,168,921","609,093","19.2%","1,414,591","243,993","17.2%","18,510,580","3,628,471","19.6%","2,528,913","415,953","16.4%","1,715,299","178,925","10.4%","434,398","44,602","10.3%","290,874","21,054","7.2%","9,208,249","2,009,692","21.8%","4,691,533","918,669","19.6%","659,117","51,163","7.8%","784,512","131,186","16.7%","6,204,342","907,048","14.6%","3,151,875","479,514","15.2%","1,499,872","137,951","9.2%","1,391,359","185,085","13.3%","2,092,010","313,149","15.0%","2,168,498","385,308","17.8%","643,219","78,017","12.1%","2,779,107","327,286","11.8%","3,172,658","156,447","4.9%","4,775,215","616,254","12.9%","2,635,101","245,113","9.3%","1,389,814","251,381","18.1%","2,878,473","417,912","14.5%","493,958","93,007","18.8%","905,129","109,331","12.1%","1,363,626","320,337","23.5%","639,606","74,163","11.6%","4,249,042","609,139","14.3%","1,008,424","200,419","19.9%","9,321,215","1,190,278","12.8%","4,596,966","833,946","18.1%","348,379","37,020","10.6%","5,533,995","712,722","12.9%","1,829,393","355,492","19.4%","1,903,608","313,742","16.5%","6,097,029","675,753","11.1%","498,109","65,163","13.1%","2,217,194","401,384","18.1%","407,547","50,410","12.4%","3,073,054","480,015","15.6%","12,573,459","2,945,110","23.4%","1,415,433","213,208","15.1%","306,170","24,541","8.0%","3,847,508","534,312","13.9%","3,361,673","514,505","15.3%","893,254","136,739","15.3%","2,792,797","293,108","10.5%","286,151","44,146","15.4%","1,738,277","157,227","9.0%"
"    Female","2,465,968","307,252","12.5%","346,485","64,590","18.6%","3,274,733","521,866","15.9%","1,481,706","232,317","15.7%","19,013,694","3,081,115","16.2%","2,565,853","335,291","13.1%","1,819,320","143,047","7.9%","468,517","35,292","7.5%","330,506","15,800","4.8%","9,802,821","1,806,148","18.4%","5,027,878","873,650","17.4%","682,591","41,175","6.0%","791,170","123,557","15.6%","6,494,029","715,417","11.0%","3,285,267","440,352","13.4%","1,528,992","116,324","7.6%","1,434,057","170,479","11.9%","2,200,708","282,311","12.8%","2,330,386","374,319","16.1%","672,484","56,692","8.4%","3,009,089","270,268","9.0%","3,394,193","97,848","2.9%","4,997,335","498,067","10.0%","2,684,682","179,549","6.7%","1,528,591","246,129","16.1%","3,030,296","383,468","12.7%","495,865","85,405","17.2%","921,703","96,276","10.4%","1,360,339","283,088","20.8%","666,420","64,679","9.7%","4,507,500","503,670","11.2%","1,043,381","177,567","17.0%","9,995,513","912,631","9.1%","4,955,563","748,294","15.1%","336,397","31,504","9.4%","5,837,771","591,525","10.1%","1,903,665","329,584","17.3%","1,956,844","262,267","13.4%","6,462,286","548,896","8.5%","536,786","49,702","9.3%","2,405,977","376,797","15.7%","408,878","43,723","10.7%","3,281,575","402,105","12.3%","13,011,040","2,817,248","21.7%","1,413,568","195,963","13.9%","313,758","15,512","4.9%","4,125,958","465,423","11.3%","3,431,405","430,266","12.5%","933,258","127,070","13.6%","2,859,288","212,890","7.4%","280,931","42,938","15.3%","1,903,485","105,884","5.6%"
"RACE AND HISPANIC OR LATINO ORIGIN","","","","","","","","","","","","","","","","","","","","","","","","","","","","","","","","","","","","","","","","","","","","","","","","","","","","","","","","","","","","","","","","","","","","","","","","","","","","","","","","","","","","","","","","","","","","","","","","","","","","","","","","","","","","","","","","","","","","","","","","","","","","","","","","","","","","","","","","","","","","","","","","","","","","","","","","","","","",""
"    One Race","N","N","N","651,672","130,766","20.1%","6,257,137","1,100,174","17.6%","N","N","N","35,865,936","6,473,582","18.0%","4,926,600","724,520","14.7%","N","N","N","N","N","N","N","N","N","18,559,073","3,730,647","20.1%","9,521,131","1,754,566","18.4%","N","N","N","N","N","N","N","N","N","6,299,166","897,565","14.2%","2,969,750","248,634","8.4%","N","N","N","N","N","N","N","N","N","N","N","N","N","N","N","N","N","N","9,522,448","1,084,928","11.4%","N","N","N","N","N","N","5,769,479","782,325","13.6%","N","N","N","N","N","N","2,611,516","581,665","22.3%","N","N","N","8,535,671","1,078,841","12.6%","N","N","N","18,791,361","2,034,120","10.8%","N","N","N","N","N","N","11,111,608","1,277,893","11.5%","3,447,739","619,454","18.0%","3,707,068","552,656","14.9%","N","N","N","N","N","N","N","N","N","N","N","N","N","N","N","24,981,167","5,649,719","22.6%","2,760,082","398,082","14.4%","N","N","N","7,715,740","966,853","12.5%","6,455,474","901,926","14.0%","N","N","N","N","N","N","N","N","N","N","N","N"
"        White alone","3,290,328","375,871","11.4%","470,279","77,762","16.5%","5,091,143","813,341","16.0%","2,271,458","354,673","15.6%","23,319,074","3,804,375","16.3%","4,309,161","583,121","13.5%","2,767,976","201,176","7.3%","630,463","50,373","8.0%","247,082","8,667","3.5%","14,548,616","2,687,095","18.5%","5,894,862","945,928","16.0%","317,832","27,113","8.5%","1,440,665","217,885","15.1%","9,252,473","982,624","10.6%","5,441,679","709,949","13.0%","2,777,986","216,562","7.8%","2,424,219","279,781","11.5%","3,779,919","497,505","13.2%","2,841,531","403,522","14.2%","1,251,757","125,785","10.0%","3,367,675","258,766","7.7%","5,263,433","171,955","3.3%","7,776,033","812,811","10.5%","4,552,775","315,346","6.9%","1,733,153","255,003","14.7%","4,902,560","596,987","12.2%","883,608","141,905","16.1%","1,612,138","159,186","9.9%","1,901,940","381,314","20.0%","1,228,024","125,807","10.2%","6,052,797","613,960","10.1%","1,476,088","232,634","15.8%","12,621,962","1,035,713","8.2%","6,690,865","985,399","14.7%","613,304","50,419","8.2%","9,429,527","996,476","10.6%","2,753,213","434,694","15.8%","3,291,450","460,138","14.0%","10,328,098","891,493","8.6%","846,055","73,502","8.7%","3,114,617","465,665","15.0%","698,865","64,119","9.2%","4,970,411","633,068","12.7%","19,228,936","4,172,259","21.7%","2,493,545","315,223","12.6%","589,678","36,673","6.2%","5,528,652","576,911","10.4%","5,327,868","666,169","12.5%","1,716,155","246,005","14.3%","4,917,056","383,833","7.8%","515,934","74,656","14.5%","2,521,670","173,815","6.9%"
"        Black or African American alone","1,240,980","211,751","17.1%","23,645","3,507","14.8%","271,975","43,943","16.2%","448,268","83,711","18.7%","2,172,898","332,712","15.3%","205,296","35,015","17.1%","356,351","49,270","13.8%","192,337","15,956","8.3%","306,433","21,051","6.9%","3,009,390","748,234","24.9%","2,974,373","590,517","19.9%","19,888","1,123","5.6%","8,054","622","7.7%","1,793,228","308,432","17.2%","575,279","104,926","18.2%","88,002","11,792","13.4%","157,320","27,336","17.4%","326,426","56,712","17.4%","1,433,191","301,277","21.0%","13,310","1,912","14.4%","1,680,838","187,298","11.1%","463,940","31,864","6.9%","1,348,926","206,959","15.3%","278,768","38,901","14.0%","1,096,083","217,875","19.9%","663,990","135,708","20.4%","3,404","731","21.5%","81,654","14,428","17.7%","219,827","50,714","23.1%","16,087","4,202","26.1%","1,167,084","179,286","15.4%","40,809","5,940","14.6%","2,969,934","358,651","12.1%","2,049,881","385,515","18.8%","9,586","2,342","24.4%","1,367,938","230,767","16.9%","259,472","48,050","18.5%","67,923","10,916","16.1%","1,339,812","192,648","14.4%","66,454","14,399","21.7%","1,266,786","243,262","19.2%","12,565","1,682","13.4%","1,060,110","170,358","16.1%","2,986,583","603,440","20.2%","30,864","5,662","18.3%","6,229","690","11.1%","1,513,404","236,222","15.6%","237,918","41,513","17.4%","55,674","9,831","17.7%","341,613","47,831","14.0%","N","N","N","302,666","31,741","10.5%"
"        American Indian and Alaska Native alone","23,728","4,294","18.1%","100,772","35,581","35.3%","285,345","83,630","29.3%","17,267","3,559","20.6%","279,113","67,399","24.1%","44,913","10,280","22.9%","11,169","1,945","17.4%","N","N","N","N","N","N","50,110","14,418","28.8%","23,523","8,666","36.8%","N","N","N","20,263","6,476","32.0%","26,314","4,765","18.1%","16,033","4,341","27.1%","7,743","2,063","26.6%","25,187","5,643","22.4%","7,448","1,901","25.5%","25,107","4,932","19.6%","7,917","1,088","13.7%","16,723","2,981","17.8%","12,928","793","6.1%","55,310","11,715","21.2%","53,223","11,294","21.2%","12,377","4,709","38.0%","27,303","6,201","22.7%","63,580","25,720","40.5%","15,221","4,942","32.5%","30,913","10,679","34.5%","2,305","515","22.3%","21,258","3,457","16.3%","189,797","65,058","34.3%","72,280","14,927","20.7%","109,887","25,224","23.0%","36,794","11,584","31.5%","20,588","3,504","17.0%","274,007","84,266","30.8%","45,612","13,104","28.7%","20,457","3,868","18.9%","4,478","1,580","35.3%","14,801","4,134","27.9%","70,717","21,954","31.0%","16,546","4,763","28.8%","123,038","30,605","24.9%","30,520","9,647","31.6%","2,012","278","13.8%","21,571","4,919","22.8%","93,058","25,616","27.5%","2,526","614","24.3%","50,424","10,799","21.4%","12,078","5,124","42.4%","13,043","1,056","8.1%"
"        Asian alone","58,424","9,190","15.7%","42,429","10,603","25.0%","188,659","30,509","16.2%","39,398","7,421","18.8%","5,091,561","721,949","14.2%","145,498","19,606","13.5%","147,574","19,680","13.3%","30,542","4,484","14.7%","21,593","1,808","8.4%","485,863","108,082","22.2%","334,757","78,204","23.4%","525,892","31,569","6.0%","20,329","3,949","19.4%","615,074","88,231","14.3%","107,425","20,677","19.2%","56,248","7,673","13.6%","70,475","10,168","14.4%","54,507","9,552","17.5%","71,842","18,169","25.3%","14,414","2,336","16.2%","337,752","44,386","13.1%","380,600","13,729","3.6%","247,697","30,056","12.1%","226,570","21,901","9.7%","23,687","6,457","27.3%","101,859","15,436","15.2%","6,389","1,757","27.5%","36,549","4,368","12.0%","206,504","38,604","18.7%","29,743","4,319","14.5%","773,525","113,134","14.6%","27,019","3,867","14.3%","1,493,818","239,556","16.0%","225,616","43,778","19.4%","6,437","253","3.9%","200,115","23,405","11.7%","69,431","13,711","19.7%","148,774","17,148","11.5%","367,408","50,008","13.6%","33,658","5,419","16.1%","59,021","13,371","22.7%","9,288","1,987","21.4%","95,796","17,144","17.9%","1,046,699","219,541","21.0%","62,364","8,022","12.9%","8,222","682","8.3%","466,380","74,553","16.0%","504,855","70,057","13.9%","12,079","1,816","15.0%","135,242","18,380","13.6%","5,637","252","4.5%","13,146","1,765","13.4%"
"        Native Hawaiian and Other Pacific Islander alone","N","N","N","8,205","2,411","29.4%","11,064","1,842","16.6%","N","N","N","143,803","29,218","20.3%","5,136","1,533","29.8%","N","N","N","N","N","N","N","N","N","11,387","4,331","38.0%","2,588","564","21.8%","143,492","12,278","8.6%","N","N","N","N","N","N","2,813","1,028","36.5%","2,259","955","42.3%","N","N","N","N","N","N","N","N","N","N","N","N","N","N","N","N","N","N","1,777","242","13.6%","N","N","N","N","N","N","4,249","1,198","28.2%","N","N","N","N","N","N","18,295","3,994","21.8%","N","N","N","2,606","187","7.2%","N","N","N","7,298","416","5.7%","N","N","N","N","N","N","4,056","636","15.7%","3,668","1,094","29.8%","16,078","4,225","26.3%","N","N","N","N","N","N","N","N","N","N","N","N","N","N","N","20,763","3,877","18.7%","25,317","5,848","23.1%","N","N","N","4,789","1,093","22.8%","40,883","9,292","22.7%","N","N","N","N","N","N","N","N","N","N","N","N"
"        Some other race alone","51,747","21,910","42.3%","6,342","902","14.2%","408,951","126,909","31.0%","57,523","19,773","34.4%","4,859,487","1,517,929","31.2%","216,596","74,965","34.6%","157,628","43,361","27.5%","22,976","6,916","30.1%","28,232","4,765","16.9%","453,707","168,487","37.1%","291,028","130,687","44.9%","13,958","2,009","14.4%","45,905","18,720","40.8%","727,359","209,142","28.8%","155,937","56,644","36.3%","37,512","9,589","25.6%","56,762","19,759","34.8%","37,679","16,852","44.7%","47,803","17,798","37.2%","2,451","401","16.4%","201,642","88,003","43.6%","262,977","24,295","9.2%","92,705","23,145","25.0%","71,750","24,190","33.7%","20,898","8,963","42.9%","69,518","26,795","38.5%","6,305","1,949","30.9%","42,158","16,758","39.8%","234,037","96,360","41.2%","5,794","1,422","24.5%","518,401","168,817","32.6%","252,714","61,952","24.5%","1,626,069","384,857","23.7%","251,322","110,473","44.0%","3,829","1,454","38.0%","89,384","23,105","25.8%","87,948","37,639","42.8%","137,231","47,125","34.3%","239,947","56,333","23.5%","55,874","15,910","28.5%","75,887","40,302","53.1%","7,382","1,978","26.8%","92,442","40,483","43.8%","1,575,148","619,997","39.4%","117,472","53,680","45.7%","N","N","N","180,944","73,155","40.4%","250,892","89,279","35.6%","4,244","425","10.0%","95,081","33,603","35.3%","10,954","2,392","21.8%","348,488","28,562","8.2%"
"    Two or more races","75,177","9,231","12.3%","57,274","14,522","25.4%","186,517","30,785","16.5%","57,229","6,280","11.0%","1,658,338","236,004","14.2%","168,166","26,724","15.9%","91,722","6,512","7.1%","23,689","1,676","7.1%","15,728","563","3.6%","451,997","85,193","18.8%","198,280","37,753","19.0%","317,883","18,053","5.7%","38,780","6,787","17.5%","279,751","28,812","10.3%","137,976","22,301","16.2%","59,114","5,641","9.5%","89,491","11,990","13.4%","84,643","12,333","14.6%","77,201","13,134","17.0%","25,698","3,126","12.2%","181,169","15,987","8.8%","182,073","11,659","6.4%","250,102","29,393","11.8%","134,473","12,891","9.6%","31,808","4,461","14.0%","139,290","19,055","13.7%","25,397","6,148","24.2%","37,914","5,859","15.5%","112,449","21,760","19.4%","23,882","2,577","10.8%","220,871","33,968","15.4%","64,095","8,300","12.9%","525,367","68,789","13.1%","219,920","29,865","13.6%","13,656","2,472","18.1%","260,158","26,354","10.1%","285,319","65,622","23.0%","153,384","23,353","15.2%","256,497","29,683","11.6%","28,175","4,055","14.4%","90,479","11,170","12.3%","17,169","2,350","13.7%","116,881","15,791","13.5%","603,332","112,639","18.7%","68,919","11,089","16.1%","12,470","1,474","11.8%","257,726","32,882","12.8%","337,604","42,845","12.7%","35,117","4,608","13.1%","111,656","11,453","10.3%","17,105","3,108","18.2%","442,629","26,172","5.9%"
"White alone, not Hispanic or Latino","3,170,799","333,278","10.5%","446,366","72,973","16.3%","3,681,585","417,477","11.3%","2,143,723","313,654","14.6%","14,689,060","1,542,043","10.5%","3,547,973","382,433","10.8%","2,477,338","151,625","6.1%","581,288","39,692","6.8%","219,516","6,392","2.9%","10,810,873","1,512,999","14.0%","5,370,784","729,927","13.6%","291,072","23,676","8.1%","1,316,290","179,672","13.6%","7,998,711","667,979","8.4%","5,220,348","651,243","12.5%","2,667,075","189,573","7.1%","2,193,874","215,269","9.8%","3,698,355","473,141","12.8%","2,703,001","356,451","13.2%","1,238,124","124,200","10.0%","3,119,117","191,053","6.1%","4,946,570","151,720","3.1%","7,461,708","757,048","10.1%","4,382,481","270,587","6.2%","1,686,129","239,113","14.2%","4,772,167","565,129","11.8%","864,256","137,370","15.9%","1,488,082","123,778","8.3%","1,438,384","220,012","15.3%","1,198,830","120,024","10.0%","5,083,284","364,964","7.2%","813,697","92,673","11.4%","11,097,842","743,216","6.7%","6,176,810","758,606","12.3%","603,926","48,757","8.1%","9,195,009","944,871","10.3%","2,537,021","355,501","14.0%","2,999,008","385,728","12.9%","9,914,109","807,757","8.1%","779,949","61,047","7.8%","2,971,431","409,471","13.8%","686,113","61,306","8.9%","4,777,617","559,689","11.7%","11,351,015","1,502,670","13.2%","2,259,874","234,879","10.4%","582,574","36,115","6.2%","5,114,166","457,776","9.0%","4,858,285","535,654","11.0%","1,700,596","244,134","14.4%","4,690,780","328,167","7.0%","480,306","63,941","13.3%","22,824","2,275","10.0%"
"Hispanic or Latino (of any race)","182,796","66,809","36.5%","40,914","8,112","19.8%","1,936,580","548,968","28.3%","195,224","62,278","31.9%","14,376,295","3,934,181","27.4%","1,068,242","293,579","27.5%","502,192","97,885","19.5%","77,897","18,178","23.3%","62,399","7,488","12.0%","4,435,694","1,410,566","31.8%","887,307","364,996","41.1%","124,623","8,732","7.0%","181,769","60,051","33.0%","2,083,268","538,897","25.9%","404,255","120,419","29.8%","158,920","38,208","24.0%","309,941","88,377","28.5%","129,641","42,615","32.9%","201,571","69,464","34.5%","18,325","2,752","15.0%","504,716","165,719","32.8%","664,043","49,748","7.5%","449,760","83,762","18.6%","260,511","71,746","27.5%","73,302","25,336","34.6%","216,480","61,553","28.4%","30,754","7,847","25.5%","176,323","53,977","30.6%","744,813","267,114","35.9%","39,783","8,449","21.2%","1,627,121","448,450","27.6%","966,000","210,030","21.7%","3,512,361","733,900","20.9%","826,914","353,681","42.8%","15,713","3,455","22.0%","367,579","81,777","22.2%","348,757","131,169","37.6%","469,402","133,166","28.4%","763,297","159,739","20.9%","137,575","35,437","25.8%","239,456","99,905","41.7%","23,919","5,868","24.5%","303,510","117,795","38.8%","9,816,895","3,379,116","34.4%","375,065","139,864","37.3%","9,700","956","9.9%","666,414","206,387","31.0%","795,403","234,966","29.5%","22,630","3,079","13.6%","349,785","92,425","26.4%","53,424","15,439","28.9%","3,607,155","258,547","7.2%"
"NATIVITY AND CITIZENSHIP STATUS","","","","","","","","","","","","","","","","","","","","","","","","","","","","","","","","","","","","","","","","","","","","","","","","","","","","","","","","","","","","","","","","","","","","","","","","","","","","","","","","","","","","","","","","","","","","","","","","","","","","","","","","","","","","","","","","","","","","","","","","","","","","","","","","","","","","","","","","","","","","","","","","","","","","","","","","","","","",""
"    Native born","4,579,179","564,820","12.3%","657,380","129,832","19.7%","5,585,129","797,684","14.3%","2,768,424","420,906","15.2%","27,304,066","3,508,761","12.9%","4,595,217","567,770","12.4%","3,043,632","198,457","6.5%","825,767","59,987","7.3%","531,674","25,386","4.8%","15,293,877","2,435,103","15.9%","8,790,967","1,381,924","15.7%","1,093,721","66,060","6.0%","1,479,623","210,601","14.2%","10,920,434","1,052,614","9.6%","6,136,637","816,158","13.3%","2,891,973","218,795","7.6%","2,641,882","282,585","10.7%","4,157,333","548,833","13.2%","4,334,923","686,278","15.8%","1,268,773","128,695","10.1%","4,953,599","350,669","7.1%","5,579,492","172,408","3.1%","9,168,340","992,288","10.8%","4,933,547","341,753","6.9%","2,863,668","472,125","16.5%","5,682,871","734,830","12.9%","971,707","173,802","17.9%","1,709,430","158,858","9.3%","2,197,116","394,619","18.0%","1,235,092","124,277","10.1%","6,881,904","565,879","8.2%","1,862,956","291,179","15.6%","14,921,373","1,093,942","7.3%","8,811,742","1,224,060","13.9%","665,877","65,492","9.8%","10,926,734","1,198,179","11.0%","3,522,609","581,489","16.5%","3,489,770","454,369","13.0%","11,799,774","1,048,079","8.9%","896,030","75,537","8.4%","4,405,477","678,737","15.4%","793,971","87,767","11.1%","6,064,994","761,401","12.6%","21,366,132","3,713,408","17.4%","2,590,029","309,811","12.0%","594,509","38,126","6.4%","7,036,096","717,938","10.2%","5,885,082","676,214","11.5%","1,800,994","259,715","14.4%","5,382,224","424,349","7.9%","547,787","78,646","14.4%","3,543,551","238,675","6.7%"
"    Foreign born","162,519","67,679","41.6%","51,566","15,456","30.0%","858,525","333,275","38.8%","127,873","55,404","43.3%","10,220,208","3,200,825","31.3%","499,549","183,474","36.7%","490,987","123,515","25.2%","77,148","19,907","25.8%","89,706","11,468","12.8%","3,717,193","1,380,737","37.1%","928,444","410,395","44.2%","247,987","26,278","10.6%","96,059","44,142","46.0%","1,777,937","569,851","32.1%","300,505","103,708","34.5%","136,891","35,480","25.9%","183,534","72,979","39.8%","135,385","46,627","34.4%","163,961","73,349","44.7%","46,930","6,014","12.8%","834,597","246,885","29.6%","987,359","81,887","8.3%","604,210","122,033","20.2%","386,236","82,909","21.5%","54,737","25,385","46.4%","225,898","66,550","29.5%","18,116","4,610","25.4%","117,402","46,749","39.8%","526,849","208,806","39.6%","70,934","14,565","20.5%","1,874,638","546,930","29.2%","188,849","86,807","46.0%","4,395,355","1,008,967","23.0%","740,787","358,180","48.4%","18,899","3,032","16.0%","445,032","106,068","23.8%","210,449","103,587","49.2%","370,682","121,640","32.8%","759,541","176,570","23.2%","138,865","39,328","28.3%","217,694","99,444","45.7%","22,454","6,366","28.4%","289,635","120,719","41.7%","4,218,367","2,048,950","48.6%","238,972","99,360","41.6%","25,419","1,927","7.6%","937,370","281,797","30.1%","907,996","268,557","29.6%","25,518","4,094","16.0%","269,861","81,649","30.3%","19,295","8,438","43.7%","98,211","24,436","24.9%"
"        Naturalized","55,583","11,519","20.7%","26,576","5,205","19.6%","340,767","62,169","18.2%","40,688","10,498","25.8%","4,860,217","785,352","16.2%","198,002","34,421","17.4%","231,901","23,783","10.3%","37,849","3,563","9.4%","36,011","2,874","8.0%","1,919,104","412,417","21.5%","350,841","79,237","22.6%","137,034","8,235","6.0%","36,906","9,155","24.8%","833,099","128,320","15.4%","106,363","18,174","17.1%","52,830","6,579","12.5%","65,860","12,782","19.4%","49,238","8,899","18.1%","66,638","14,658","22.0%","25,076","1,507","6.0%","389,888","47,585","12.2%","505,561","21,880","4.3%","301,843","36,888","12.2%","181,402","17,278","9.5%","20,758","3,770","18.2%","97,691","16,306","16.7%","10,311","1,766","17.1%","42,248","7,355","17.4%","227,040","43,320","19.1%","34,516","4,490","13.0%","969,383","132,967","13.7%","65,148","13,315","20.4%","2,325,634","264,441","11.4%","235,646","45,867","19.5%","7,913","1,177","14.9%","227,946","27,870","12.2%","67,125","14,912","22.2%","151,346","23,261","15.4%","394,993","52,108","13.2%","70,531","10,585","15.0%","80,520","16,206","20.1%","8,405","1,083","12.9%","104,316","20,562","19.7%","1,426,253","369,866","25.9%","83,650","15,665","18.7%","15,372","561","3.6%","448,423","68,285","15.2%","429,582","73,845","17.2%","12,533","1,327","10.6%","114,147","13,391","11.7%","7,252","1,827","25.2%","40,013","3,997","10.0%"
"        Not a citizen","106,936","56,160","52.5%","24,990","10,251","41.0%","517,758","271,106","52.4%","87,185","44,906","51.5%","5,359,991","2,415,473","45.1%","301,547","149,053","49.4%","259,086","99,732","38.5%","39,299","16,344","41.6%","53,695","8,594","16.0%","1,798,089","968,320","53.9%","577,603","331,158","57.3%","110,953","18,043","16.3%","59,153","34,987","59.1%","944,838","441,531","46.7%","194,142","85,534","44.1%","84,061","28,901","34.4%","117,674","60,197","51.2%","86,147","37,728","43.8%","97,323","58,691","60.3%","21,854","4,507","20.6%","444,709","199,300","44.8%","481,798","60,007","12.5%","302,367","85,145","28.2%","204,834","65,631","32.0%","33,979","21,615","63.6%","128,207","50,244","39.2%","7,805","2,844","36.4%","75,154","39,394","52.4%","299,809","165,486","55.2%","36,418","10,075","27.7%","905,255","413,963","45.7%","123,701","73,492","59.4%","2,069,721","744,526","36.0%","505,141","312,313","61.8%","10,986","1,855","16.9%","217,086","78,198","36.0%","143,324","88,675","61.9%","219,336","98,379","44.9%","364,548","124,462","34.1%","68,334","28,743","42.1%","137,174","83,238","60.7%","14,049","5,283","37.6%","185,319","100,157","54.0%","2,792,114","1,679,084","60.1%","155,322","83,695","53.9%","10,047","1,366","13.6%","488,947","213,512","43.7%","478,414","194,712","40.7%","12,985","2,767","21.3%","155,714","68,258","43.8%","12,043","6,611","54.9%","58,198","20,439","35.1%"
"EDUCATIONAL ATTAINMENT","","","","","","","","","","","","","","","","","","","","","","","","","","","","","","","","","","","","","","","","","","","","","","","","","","","","","","","","","","","","","","","","","","","","","","","","","","","","","","","","","","","","","","","","","","","","","","","","","","","","","","","","","","","","","","","","","","","","","","","","","","","","","","","","","","","","","","","","","","","","","","","","","","","","","","","","","","","",""
"    Civilian noninstitutionalized population 25 years and older","3,141,025","474,958","15.1%","449,400","98,285","21.9%","4,193,597","733,732","17.5%","1,904,022","347,049","18.2%","24,383,829","4,848,587","19.9%","3,370,906","524,782","15.6%","2,411,532","240,078","10.0%","607,059","59,864","9.9%","430,893","28,881","6.7%","13,256,719","2,777,700","21.0%","6,253,422","1,279,278","20.5%","917,596","67,234","7.3%","996,420","179,346","18.0%","8,410,610","1,254,871","14.9%","4,193,491","636,109","15.2%","1,996,730","182,569","9.1%","1,814,044","245,665","13.5%","2,863,757","432,449","15.1%","2,918,429","571,343","19.6%","935,429","102,452","11.0%","3,893,399","453,988","11.7%","4,486,715","192,300","4.3%","6,526,565","836,462","12.8%","3,547,766","289,493","8.2%","1,858,766","344,198","18.5%","3,933,219","569,742","14.5%","674,970","125,441","18.6%","1,182,489","141,800","12.0%","1,812,065","405,567","22.4%","906,714","108,627","12.0%","5,958,857","856,380","14.4%","1,334,019","270,361","20.3%","13,097,714","1,620,810","12.4%","6,340,066","1,160,607","18.3%","446,563","45,765","10.2%","7,618,358","958,735","12.6%","2,421,621","474,990","19.6%","2,638,983","432,562","16.4%","8,577,014","895,384","10.4%","698,886","82,451","11.8%","3,079,533","557,865","18.1%","531,095","64,844","12.2%","4,250,388","663,798","15.6%","16,011,185","3,916,059","24.5%","1,622,158","253,134","15.6%","429,367","29,377","6.8%","5,346,416","740,165","13.8%","4,566,314","691,935","15.2%","1,270,836","201,656","15.9%","3,788,787","358,326","9.5%","373,897","61,777","16.5%","2,410,845","194,893","8.1%"
"    Less than high school graduate","490,653","130,247","26.5%","35,880","11,825","33.0%","585,510","207,792","35.5%","283,823","79,354","28.0%","4,473,664","1,670,495","37.3%","309,325","112,810","36.5%","235,647","44,617","18.9%","68,156","12,824","18.8%","47,684","4,854","10.2%","1,749,080","572,033","32.7%","912,653","335,194","36.7%","88,410","8,159","9.2%","100,458","34,030","33.9%","1,015,003","306,004","30.1%","508,165","139,090","27.4%","162,000","33,980","21.0%","173,134","56,666","32.7%","454,386","93,414","20.6%","480,290","142,840","29.7%","77,037","10,349","13.4%","416,093","117,480","28.2%","451,399","32,782","7.3%","691,094","142,010","20.5%","256,965","50,680","19.7%","319,599","79,704","24.9%","457,842","115,615","25.3%","47,244","14,101","29.8%","109,022","34,324","31.5%","271,256","110,220","40.6%","72,080","16,341","22.7%","684,764","196,635","28.7%","204,422","72,172","35.3%","1,887,394","412,399","21.9%","926,141","314,006","33.9%","35,265","5,345","15.2%","828,062","178,496","21.6%","313,739","112,570","35.9%","266,048","88,910","33.4%","918,870","167,291","18.2%","93,976","19,666","20.9%","454,768","132,843","29.2%","47,446","10,424","22.0%","617,761","153,026","24.8%","2,924,959","1,349,418","46.1%","144,701","55,787","38.6%","34,506","3,994","11.6%","638,063","188,836","29.6%","435,322","152,982","35.1%","192,846","37,735","19.6%","338,854","72,101","21.3%","30,594","8,453","27.6%","655,308","46,327","7.1%"
"    High school graduate, GED, or alternative","984,159","177,331","18.0%","126,989","41,115","32.4%","1,012,956","223,594","22.1%","666,659","140,245","21.0%","4,997,464","1,261,290","25.2%","724,241","158,019","21.8%","663,722","91,961","13.9%","190,182","20,510","10.8%","78,025","8,784","11.3%","3,932,840","1,016,236","25.8%","1,761,295","447,550","25.4%","259,373","21,180","8.2%","273,369","64,799","23.7%","2,262,423","432,870","19.1%","1,475,306","246,429","16.7%","638,377","67,909","10.6%","492,753","80,640","16.4%","975,182","182,605","18.7%","998,419","228,295","22.9%","323,914","44,397","13.7%","1,009,716","156,656","15.5%","1,155,152","76,055","6.6%","1,981,322","319,349","16.1%","931,093","94,624","10.2%","566,217","122,887","21.7%","1,239,048","218,146","17.6%","199,355","48,801","24.5%","325,280","43,816","13.5%","522,161","139,889","26.8%","265,656","44,131","16.6%","1,692,933","309,545","18.3%","353,611","85,705","24.2%","3,496,910","509,203","14.6%","1,717,400","397,731","23.2%","124,758","19,608","15.7%","2,626,906","398,018","15.2%","765,078","176,072","23.0%","657,734","128,330","19.5%","3,137,099","380,427","12.1%","194,279","30,653","15.8%","914,895","206,427","22.6%","172,671","26,303","15.2%","1,401,566","267,218","19.1%","4,000,880","1,188,724","29.7%","372,570","73,631","19.8%","130,325","11,936","9.2%","1,346,390","255,169","19.0%","1,079,121","216,241","20.0%","515,982","93,915","18.2%","1,219,197","140,907","11.6%","113,142","24,092","21.3%","644,279","60,380","9.4%"
"    Some college or associate's degree","926,846","133,415","14.4%","159,813","33,376","20.9%","1,431,818","220,281","15.4%","547,600","98,770","18.0%","7,297,796","1,242,706","17.0%","1,056,252","167,052","15.8%","605,800","60,205","9.9%","166,893","15,544","9.3%","74,005","6,268","8.5%","3,979,998","798,852","20.1%","1,788,837","345,241","19.3%","290,376","22,069","7.6%","366,157","62,506","17.1%","2,437,862","337,914","13.9%","1,215,000","188,297","15.5%","663,650","62,679","9.4%","588,741","79,777","13.6%","801,693","123,919","15.5%","788,053","151,642","19.2%","270,821","32,161","11.9%","1,016,194","105,726","10.4%","1,099,705","48,716","4.4%","2,136,539","277,937","13.0%","1,168,914","104,128","8.9%","582,758","114,512","19.7%","1,181,925","178,334","15.1%","227,925","44,644","19.6%","401,837","48,382","12.0%","610,767","111,387","18.2%","253,443","31,729","12.5%","1,397,050","198,389","14.2%","424,467","83,286","19.6%","3,290,307","385,822","11.7%","1,941,157","333,795","17.2%","160,411","14,527","9.1%","2,213,685","278,953","12.6%","760,147","141,727","18.6%","919,716","153,949","16.7%","2,099,982","233,942","11.1%","189,194","19,965","10.6%","928,071","164,499","17.7%","168,994","20,632","12.2%","1,187,273","181,832","15.3%","4,737,677","992,059","20.9%","602,878","87,281","14.5%","109,671","7,983","7.3%","1,447,465","188,489","13.0%","1,594,242","235,066","14.7%","321,715","52,804","16.4%","1,189,489","107,774","9.1%","136,609","21,498","15.7%","523,228","49,390","9.4%"
"    Bachelor's degree or higher","739,367","33,965","4.6%","126,718","11,969","9.4%","1,163,313","82,065","7.1%","405,940","28,680","7.1%","7,614,905","674,096","8.9%","1,281,088","86,901","6.8%","906,363","43,295","4.8%","181,828","10,986","6.0%","231,179","8,975","3.9%","3,594,801","390,579","10.9%","1,790,637","151,293","8.4%","279,437","15,826","5.7%","256,436","18,011","7.0%","2,695,322","178,083","6.6%","995,020","62,293","6.3%","532,703","18,001","3.4%","559,416","28,582","5.1%","632,496","32,511","5.1%","651,667","48,566","7.5%","263,657","15,545","5.9%","1,451,396","74,126","5.1%","1,780,459","34,747","2.0%","1,717,610","97,166","5.7%","1,190,794","40,061","3.4%","390,192","27,095","6.9%","1,054,404","57,647","5.5%","200,446","17,895","8.9%","346,350","15,278","4.4%","407,881","44,071","10.8%","315,535","16,426","5.2%","2,184,110","151,811","7.0%","351,519","29,198","8.3%","4,423,103","313,386","7.1%","1,755,368","115,075","6.6%","126,129","6,285","5.0%","1,949,705","103,268","5.3%","582,657","44,621","7.7%","795,485","61,373","7.7%","2,421,063","113,724","4.7%","221,437","12,167","5.5%","781,799","54,096","6.9%","141,984","7,485","5.3%","1,043,788","61,722","5.9%","4,347,669","385,858","8.9%","502,009","36,435","7.3%","154,865","5,464","3.5%","1,914,498","107,671","5.6%","1,457,629","87,646","6.0%","240,293","17,202","7.2%","1,041,247","37,544","3.6%","93,552","7,734","8.3%","588,030","38,796","6.6%"
"EMPLOYMENT STATUS","","","","","","","","","","","","","","","","","","","","","","","","","","","","","","","","","","","","","","","","","","","","","","","","","","","","","","","","","","","","","","","","","","","","","","","","","","","","","","","","","","","","","","","","","","","","","","","","","","","","","","","","","","","","","","","","","","","","","","","","","","","","","","","","","","","","","","","","","","","","","","","","","","","","","","","","","","","",""
"    Civilian noninstitutionalized population 18 years and older","3,618,698","586,889","16.2%","521,874","119,331","22.9%","4,826,274","916,997","19.0%","2,186,890","434,160","19.9%","28,300,786","5,979,494","21.1%","3,865,758","642,549","16.6%","2,742,794","292,044","10.6%","698,421","72,729","10.4%","512,198","34,984","6.8%","15,019,927","3,379,674","22.5%","7,227,250","1,572,358","21.8%","1,039,143","81,875","7.9%","1,151,756","218,714","19.0%","9,639,316","1,520,999","15.8%","4,851,707","785,946","16.2%","2,308,437","225,583","9.8%","2,105,499","307,706","14.6%","3,276,692","539,102","16.5%","3,381,457","700,556","20.7%","1,050,208","122,469","11.7%","4,447,078","546,103","12.3%","5,168,879","234,089","4.5%","7,508,879","1,024,276","13.6%","4,044,274","356,177","8.8%","2,172,802","442,769","20.4%","4,509,095","703,347","15.6%","770,625","154,010","20.0%","1,365,523","177,801","13.0%","2,060,484","493,278","23.9%","1,031,463","127,944","12.4%","6,732,392","1,009,993","15.0%","1,536,464","336,551","21.9%","15,063,907","1,935,242","12.8%","7,270,985","1,409,279","19.4%","531,071","57,975","10.9%","8,715,066","1,163,581","13.4%","2,798,441","590,867","21.1%","3,000,606","521,379","17.4%","9,828,326","1,085,695","11.0%","818,220","105,075","12.8%","3,545,149","689,067","19.4%","613,392","82,298","13.4%","4,864,380","797,590","16.4%","18,612,621","4,899,068","26.3%","1,944,989","319,480","16.4%","496,365","36,562","7.4%","6,121,621","895,797","14.6%","5,209,483","853,692","16.4%","1,443,532","248,786","17.2%","4,336,809","444,441","10.2%","430,950","74,369","17.3%","2,793,032","227,672","8.2%"
"    In labor force","2,199,021","411,404","18.7%","375,613","89,515","23.8%","3,019,827","666,586","22.1%","1,349,264","309,033","22.9%","18,795,047","4,420,775","23.5%","2,742,333","509,627","18.6%","1,922,800","232,974","12.1%","462,225","55,718","12.1%","363,642","27,010","7.4%","9,274,719","2,580,589","27.8%","4,742,295","1,140,075","24.0%","691,378","57,851","8.4%","757,410","169,082","22.3%","6,620,941","1,145,873","17.3%","3,239,293","605,169","18.7%","1,612,922","181,591","11.3%","1,462,643","237,865","16.3%","2,028,317","383,153","18.9%","2,172,150","520,842","24.0%","687,094","100,562","14.6%","3,162,248","427,678","13.5%","3,585,602","191,583","5.3%","4,754,030","783,583","16.5%","2,917,553","295,683","10.1%","1,330,923","315,943","23.7%","2,975,947","534,793","18.0%","512,394","118,751","23.2%","989,434","141,085","14.3%","1,389,821","363,638","26.2%","727,010","105,442","14.5%","4,619,967","778,768","16.9%","958,182","239,758","25.0%","9,922,634","1,478,176","14.9%","4,720,192","1,071,552","22.7%","385,647","45,831","11.9%","5,711,884","867,075","15.2%","1,791,751","424,213","23.7%","1,929,368","397,068","20.6%","6,405,372","837,046","13.1%","558,688","83,924","15.0%","2,230,546","510,877","22.9%","437,761","64,933","14.8%","3,078,342","573,156","18.6%","12,585,939","3,579,863","28.4%","1,380,689","247,277","17.9%","341,912","32,079","9.4%","4,184,292","675,954","16.2%","3,472,991","637,099","18.3%","810,465","171,952","21.2%","3,010,342","348,301","11.6%","300,930","59,584","19.8%","1,319,695","159,045","12.1%"
"        Employed","1,986,035","306,665","15.4%","346,666","74,029","21.4%","2,732,285","544,544","19.9%","1,239,856","247,249","19.9%","16,704,486","3,484,391","20.9%","2,536,848","423,256","16.7%","1,742,224","181,637","10.4%","422,877","44,663","10.6%","326,426","20,279","6.2%","8,229,806","2,021,984","24.6%","4,231,631","866,543","20.5%","643,916","43,620","6.8%","699,911","142,340","20.3%","5,972,041","871,004","14.6%","2,965,467","482,128","16.3%","1,529,819","152,895","10.0%","1,371,343","193,363","14.1%","1,846,795","289,677","15.7%","1,987,900","422,237","21.2%","636,853","82,880","13.0%","2,909,525","343,669","11.8%","3,293,561","148,290","4.5%","4,235,927","583,770","13.8%","2,742,220","248,690","9.1%","1,183,753","235,197","19.9%","2,728,970","420,568","15.4%","476,444","98,859","20.7%","939,907","119,783","12.7%","1,222,438","273,234","22.4%","682,291","90,174","13.2%","4,168,477","607,269","14.6%","862,877","193,513","22.4%","9,030,011","1,215,389","13.5%","4,227,332","818,422","19.4%","373,244","41,324","11.1%","5,215,091","672,301","12.9%","1,674,923","360,671","21.5%","1,723,294","303,957","17.6%","5,860,915","637,971","10.9%","507,985","64,024","12.6%","1,987,543","381,739","19.2%","418,122","54,921","13.1%","2,796,621","446,175","16.0%","11,621,699","3,043,519","26.2%","1,291,812","207,840","16.1%","320,437","27,580","8.6%","3,905,425","549,216","14.1%","3,178,507","506,131","15.9%","747,237","136,332","18.2%","2,802,303","276,812","9.9%","284,633","51,614","18.1%","1,093,750","123,706","11.3%"
"        Unemployed","212,986","104,739","49.2%","28,947","15,486","53.5%","287,542","122,042","42.4%","109,408","61,784","56.5%","2,090,561","936,384","44.8%","205,485","86,371","42.0%","180,576","51,337","28.4%","39,348","11,055","28.1%","37,216","6,731","18.1%","1,044,913","558,605","53.5%","510,664","273,532","53.6%","47,462","14,231","30.0%","57,499","26,742","46.5%","648,900","274,869","42.4%","273,826","123,041","44.9%","83,103","28,696","34.5%","91,300","44,502","48.7%","181,522","93,476","51.5%","184,250","98,605","53.5%","50,241","17,682","35.2%","252,723","84,009","33.2%","292,041","43,293","14.8%","518,103","199,813","38.6%","175,333","46,993","26.8%","147,170","80,746","54.9%","246,977","114,225","46.2%","35,950","19,892","55.3%","49,527","21,302","43.0%","167,383","90,404","54.0%","44,719","15,268","34.1%","451,490","171,499","38.0%","95,305","46,245","48.5%","892,623","262,787","29.4%","492,860","253,130","51.4%","12,403","4,507","36.3%","496,793","194,774","39.2%","116,828","63,542","54.4%","206,074","93,111","45.2%","544,457","199,075","36.6%","50,703","19,900","39.2%","243,003","129,138","53.1%","19,639","10,012","51.0%","281,721","126,981","45.1%","964,240","536,344","55.6%","88,877","39,437","44.4%","21,475","4,499","20.9%","278,867","126,738","45.4%","294,484","130,968","44.5%","63,228","35,620","56.3%","208,039","71,489","34.4%","16,297","7,970","48.9%","225,945","35,339","15.6%"
"    Not in labor force","1,419,677","175,485","12.4%","146,261","29,816","20.4%","1,806,447","250,411","13.9%","837,626","125,127","14.9%","9,505,739","1,558,719","16.4%","1,123,425","132,922","11.8%","819,994","59,070","7.2%","236,196","17,011","7.2%","148,556","7,974","5.4%","5,745,208","799,085","13.9%","2,484,955","432,283","17.4%","347,765","24,024","6.9%","394,346","49,632","12.6%","3,018,375","375,126","12.4%","1,612,414","180,777","11.2%","695,515","43,992","6.3%","642,856","69,841","10.9%","1,248,375","155,949","12.5%","1,209,307","179,714","14.9%","363,114","21,907","6.0%","1,284,830","118,425","9.2%","1,583,277","42,506","2.7%","2,754,849","240,693","8.7%","1,126,721","60,494","5.4%","841,879","126,826","15.1%","1,533,148","168,554","11.0%","258,231","35,259","13.7%","376,089","36,716","9.8%","670,663","129,640","19.3%","304,453","22,502","7.4%","2,112,425","231,225","10.9%","578,282","96,793","16.7%","5,141,273","457,066","8.9%","2,550,793","337,727","13.2%","145,424","12,144","8.4%","3,003,182","296,506","9.9%","1,006,690","166,654","16.6%","1,071,238","124,311","11.6%","3,422,954","248,649","7.3%","259,532","21,151","8.1%","1,314,603","178,190","13.6%","175,631","17,365","9.9%","1,786,038","224,434","12.6%","6,026,682","1,319,205","21.9%","564,300","72,203","12.8%","154,453","4,483","2.9%","1,937,329","219,843","11.3%","1,736,492","216,593","12.5%","633,067","76,834","12.1%","1,326,467","96,140","7.2%","130,020","14,785","11.4%","1,473,337","68,627","4.7%"
"WORK EXPERIENCE","","","","","","","","","","","","","","","","","","","","","","","","","","","","","","","","","","","","","","","","","","","","","","","","","","","","","","","","","","","","","","","","","","","","","","","","","","","","","","","","","","","","","","","","","","","","","","","","","","","","","","","","","","","","","","","","","","","","","","","","","","","","","","","","","","","","","","","","","","","","","","","","","","","","","","","","","","","",""
"    Civilian noninstitutionalized population 18 years and older","3,618,698","586,889","16.2%","521,874","119,331","22.9%","4,826,274","916,997","19.0%","2,186,890","434,160","19.9%","28,300,786","5,979,494","21.1%","3,865,758","642,549","16.6%","2,742,794","292,044","10.6%","698,421","72,729","10.4%","512,198","34,984","6.8%","15,019,927","3,379,674","22.5%","7,227,250","1,572,358","21.8%","1,039,143","81,875","7.9%","1,151,756","218,714","19.0%","9,639,316","1,520,999","15.8%","4,851,707","785,946","16.2%","2,308,437","225,583","9.8%","2,105,499","307,706","14.6%","3,276,692","539,102","16.5%","3,381,457","700,556","20.7%","1,050,208","122,469","11.7%","4,447,078","546,103","12.3%","5,168,879","234,089","4.5%","7,508,879","1,024,276","13.6%","4,044,274","356,177","8.8%","2,172,802","442,769","20.4%","4,509,095","703,347","15.6%","770,625","154,010","20.0%","1,365,523","177,801","13.0%","2,060,484","493,278","23.9%","1,031,463","127,944","12.4%","6,732,392","1,009,993","15.0%","1,536,464","336,551","21.9%","15,063,907","1,935,242","12.8%","7,270,985","1,409,279","19.4%","531,071","57,975","10.9%","8,715,066","1,163,581","13.4%","2,798,441","590,867","21.1%","3,000,606","521,379","17.4%","9,828,326","1,085,695","11.0%","818,220","105,075","12.8%","3,545,149","689,067","19.4%","613,392","82,298","13.4%","4,864,380","797,590","16.4%","18,612,621","4,899,068","26.3%","1,944,989","319,480","16.4%","496,365","36,562","7.4%","6,121,621","895,797","14.6%","5,209,483","853,692","16.4%","1,443,532","248,786","17.2%","4,336,809","444,441","10.2%","430,950","74,369","17.3%","2,793,032","227,672","8.2%"
"    Worked full-time, year round in the past 12 months","1,432,007","168,952","11.8%","224,528","38,994","17.4%","1,908,249","319,294","16.7%","907,471","145,466","16.0%","11,135,482","1,880,784","16.9%","1,751,392","235,092","13.4%","1,186,018","101,724","8.6%","300,009","25,291","8.4%","245,250","11,909","4.9%","5,749,328","1,179,613","20.5%","3,060,195","501,175","16.4%","446,687","19,723","4.4%","455,325","71,740","15.8%","4,200,644","492,768","11.7%","2,043,523","265,328","13.0%","1,074,174","86,137","8.0%","980,426","107,602","11.0%","1,306,953","153,073","11.7%","1,432,807","250,762","17.5%","419,005","45,577","10.9%","2,146,693","209,242","9.7%","2,217,725","79,522","3.6%","2,781,762","287,234","10.3%","1,868,746","138,573","7.4%","850,069","129,509","15.2%","1,926,963","231,398","12.0%","315,201","52,658","16.7%","677,828","69,202","10.2%","841,841","142,913","17.0%","470,150","50,213","10.7%","2,976,252","361,954","12.2%","609,853","117,649","19.3%","6,404,986","767,565","12.0%","2,957,584","452,668","15.3%","269,515","25,047","9.3%","3,607,050","356,568","9.9%","1,233,282","223,274","18.1%","1,100,739","142,670","13.0%","4,101,524","353,847","8.6%","340,284","33,533","9.9%","1,402,036","203,375","14.5%","303,722","33,618","11.1%","1,991,611","250,126","12.6%","8,543,935","1,885,651","22.1%","850,580","111,755","13.1%","212,028","17,240","8.1%","2,840,505","306,006","10.8%","2,149,849","256,216","11.9%","534,625","76,474","14.3%","1,914,356","152,644","8.0%","202,532","32,174","15.9%","752,829","68,647","9.1%"
"    Worked less than full-time, year round in the past 12 months","788,292","216,550","27.5%","175,422","58,699","33.5%","1,130,599","322,290","28.5%","470,403","154,580","32.9%","7,400,403","2,230,088","30.1%","1,072,989","268,150","25.0%","744,302","117,896","15.8%","174,916","29,308","16.8%","122,796","12,807","10.4%","3,395,137","1,205,792","35.5%","1,633,984","545,468","33.4%","253,800","35,709","14.1%","339,266","98,964","29.2%","2,413,214","556,304","23.1%","1,277,716","322,131","25.2%","612,064","93,753","15.3%","540,294","129,641","24.0%","767,495","218,903","28.5%","780,230","256,527","32.9%","295,470","55,904","18.9%","1,043,681","193,725","18.6%","1,446,010","104,837","7.3%","2,010,792","435,448","21.7%","1,158,019","154,511","13.3%","474,620","161,787","34.1%","1,130,155","289,801","25.6%","221,351","66,574","30.1%","352,757","73,496","20.8%","518,155","190,979","36.9%","281,880","53,073","18.8%","1,603,070","349,425","21.8%","350,766","111,506","31.8%","3,569,134","639,956","17.9%","1,787,277","540,019","30.2%","142,828","22,617","15.8%","2,220,542","471,180","21.2%","626,011","206,108","32.9%","873,485","242,049","27.7%","2,447,841","442,091","18.1%","227,223","44,772","19.7%","829,676","263,132","31.7%","158,775","31,666","19.9%","1,144,088","303,077","26.5%","4,286,787","1,661,034","38.7%","572,897","135,853","23.7%","153,128","14,713","9.6%","1,454,508","341,901","23.5%","1,403,704","366,010","26.1%","303,071","90,142","29.7%","1,200,231","186,411","15.5%","118,918","30,137","25.3%","434,944","68,412","15.7%"
"    Did not work","1,398,399","201,387","14.4%","121,924","21,638","17.7%","1,787,426","275,413","15.4%","809,016","134,114","16.6%","9,764,901","1,868,622","19.1%","1,041,377","139,307","13.4%","812,474","72,424","8.9%","223,496","18,130","8.1%","144,152","10,268","7.1%","5,875,462","994,269","16.9%","2,533,071","525,715","20.8%","338,656","26,443","7.8%","357,165","48,010","13.4%","3,025,458","471,927","15.6%","1,530,468","198,487","13.0%","622,199","45,693","7.3%","584,779","70,463","12.0%","1,202,244","167,126","13.9%","1,168,420","193,267","16.5%","335,733","20,988","6.3%","1,256,704","143,136","11.4%","1,505,144","49,730","3.3%","2,716,325","301,594","11.1%","1,017,509","63,093","6.2%","848,113","151,473","17.9%","1,451,977","182,148","12.5%","234,073","34,778","14.9%","334,938","35,103","10.5%","700,488","159,386","22.8%","279,433","24,658","8.8%","2,153,070","298,614","13.9%","575,845","107,396","18.7%","5,089,787","527,721","10.4%","2,526,124","416,592","16.5%","118,728","10,311","8.7%","2,887,474","335,833","11.6%","939,148","161,485","17.2%","1,026,382","136,660","13.3%","3,278,961","289,757","8.8%","250,713","26,770","10.7%","1,313,437","222,560","16.9%","150,895","17,014","11.3%","1,728,681","244,387","14.1%","5,781,899","1,352,383","23.4%","521,512","71,872","13.8%","131,209","4,609","3.5%","1,826,608","247,890","13.6%","1,655,930","231,466","14.0%","605,836","82,170","13.6%","1,222,222","105,386","8.6%","109,500","12,058","11.0%","1,605,259","90,613","5.6%"
"HOUSEHOLD INCOME (IN 2012 INFLATION ADJUSTED DOLLARS)","","","","","","","","","","","","","","","","","","","","","","","","","","","","","","","","","","","","","","","","","","","","","","","","","","","","","","","","","","","","","","","","","","","","","","","","","","","","","","","","","","","","","","","","","","","","","","","","","","","","","","","","","","","","","","","","","","","","","","","","","","","","","","","","","","","","","","","","","","","","","","","","","","","","","","","","","","","",""
"    Civilian household population","4,696,106","625,956","13.3%","693,925","140,477","20.2%","6,392,666","1,122,749","17.6%","2,863,287","471,802","16.5%","37,142,203","6,652,585","17.9%","5,049,456","745,369","14.8%","3,469,125","318,364","9.2%","889,659","78,982","8.9%","590,202","34,825","5.9%","18,855,244","3,774,363","20.0%","9,619,020","1,777,366","18.5%","1,322,362","90,417","6.8%","1,563,947","253,075","16.2%","12,569,070","1,607,846","12.8%","6,345,471","910,574","14.3%","2,972,165","252,244","8.5%","2,791,678","351,310","12.6%","4,243,483","588,097","13.9%","4,462,422","754,044","16.9%","1,292,698","131,912","10.2%","5,722,415","590,357","10.3%","6,394,499","248,385","3.9%","9,653,563","1,099,255","11.4%","5,239,588","421,477","8.0%","2,885,409","491,133","17.0%","5,838,215","792,793","13.6%","973,552","174,822","18.0%","1,799,526","203,406","11.3%","2,714,668","601,345","22.2%","1,279,489","137,695","10.8%","8,671,767","1,106,461","12.8%","2,036,231","373,713","18.4%","18,968,472","2,076,962","10.9%","9,434,758","1,566,993","16.6%","670,269","66,829","10.0%","11,229,668","1,290,328","11.5%","3,692,655","678,757","18.4%","3,810,554","565,721","14.8%","12,329,441","1,211,377","9.8%","1,006,914","110,905","11.0%","4,567,195","769,317","16.8%","797,769","89,978","11.3%","6,287,072","871,857","13.9%","25,410,472","5,729,014","22.5%","2,805,272","406,137","14.5%","600,175","39,350","6.6%","7,870,168","988,942","12.6%","6,722,680","936,232","13.9%","1,805,532","261,518","14.5%","5,576,317","500,808","9.0%","560,508","85,949","15.3%","3,628,345","261,875","7.2%"
"    Under $25,000","1,174,913","267,861","22.8%","77,965","22,285","28.6%","1,331,292","330,771","24.8%","736,329","180,711","24.5%","6,348,374","1,587,200","25.0%","791,510","193,918","24.5%","470,148","64,834","13.8%","130,642","16,121","12.3%","114,430","7,887","6.9%","3,969,973","1,113,894","28.1%","2,155,389","641,687","29.8%","161,066","18,602","11.5%","298,524","74,069","24.8%","2,160,002","471,655","21.8%","1,214,836","295,204","24.3%","491,251","70,197","14.3%","490,333","111,612","22.8%","1,030,931","233,169","22.6%","1,099,139","271,499","24.7%","242,668","30,847","12.7%","669,636","106,106","15.8%","930,484","50,038","5.4%","2,025,992","386,519","19.1%","722,006","90,772","12.6%","851,261","200,810","23.6%","1,205,715","276,373","22.9%","199,710","55,056","27.6%","299,597","62,309","20.8%","502,467","179,635","35.8%","162,430","30,155","18.6%","1,103,235","240,467","21.8%","493,168","131,149","26.6%","3,460,161","494,123","14.3%","2,122,607","542,758","25.6%","99,941","16,886","16.9%","2,326,545","439,683","18.9%","798,553","216,450","27.1%","752,811","175,235","23.3%","2,182,811","339,776","15.6%","175,103","29,353","16.8%","1,079,192","279,314","25.9%","135,864","24,738","18.2%","1,435,535","324,517","22.6%","5,059,363","1,624,483","32.1%","375,203","107,590","28.7%","92,766","6,878","7.4%","1,140,034","266,997","23.4%","1,031,553","232,656","22.6%","444,369","98,669","22.2%","943,865","155,925","16.5%","83,748","16,616","19.8%","1,926,983","139,133","7.2%"
"    $25,000 to $49,999","1,177,641","200,995","17.1%","122,686","37,235","30.3%","1,624,226","384,636","23.7%","761,691","154,440","20.3%","7,902,078","2,123,984","26.9%","1,076,890","246,572","22.9%","553,506","84,790","15.3%","185,439","27,527","14.8%","104,254","9,326","8.9%","5,024,595","1,312,626","26.1%","2,294,299","567,301","24.7%","204,557","23,593","11.5%","431,735","94,836","22.0%","2,659,792","507,374","19.1%","1,614,065","302,433","18.7%","683,184","90,974","13.3%","671,493","126,104","18.8%","1,069,263","190,313","17.8%","1,075,895","235,145","21.9%","328,587","46,638","14.2%","922,681","156,400","17.0%","1,032,625","61,195","5.9%","2,303,377","356,323","15.5%","1,047,079","145,240","13.9%","769,898","154,131","20.0%","1,458,686","272,707","18.7%","249,105","57,180","23.0%","427,941","72,984","17.1%","689,545","195,421","28.3%","233,813","42,827","18.3%","1,413,608","294,691","20.8%","525,648","122,007","23.2%","3,640,761","577,479","15.9%","2,451,719","549,179","22.4%","140,909","21,850","15.5%","2,629,778","426,331","16.2%","961,872","226,283","23.5%","917,428","181,759","19.8%","2,723,966","399,068","14.7%","202,060","32,713","16.2%","1,199,675","258,362","21.5%","202,854","32,111","15.8%","1,638,062","285,156","17.4%","6,132,776","1,925,611","31.4%","612,213","128,911","21.1%","136,757","12,176","8.9%","1,524,894","300,138","19.7%","1,415,853","295,447","20.9%","469,400","86,996","18.5%","1,284,521","171,350","13.3%","124,873","27,223","21.8%","991,941","83,715","8.4%"
"    $50,000 to $74,999","861,880","84,563","9.8%","130,935","29,262","22.3%","1,228,399","219,435","17.9%","569,220","79,153","13.9%","6,519,317","1,338,169","20.5%","954,860","151,781","15.9%","567,532","68,133","12.0%","170,378","14,905","8.7%","70,917","4,602","6.5%","3,647,791","702,191","19.2%","1,822,769","308,372","16.9%","228,615","16,719","7.3%","350,012","46,335","13.2%","2,273,168","294,084","12.9%","1,308,723","166,507","12.7%","664,979","51,488","7.7%","581,672","60,815","10.5%","812,456","89,697","11.0%","776,817","122,324","15.7%","277,569","30,949","11.2%","974,950","133,922","13.7%","1,021,203","56,879","5.6%","1,891,311","184,149","9.7%","1,009,969","95,036","9.4%","527,396","80,336","15.2%","1,188,006","135,534","11.4%","202,705","31,136","15.4%","387,699","42,902","11.1%","567,000","116,908","20.6%","232,395","28,478","12.3%","1,379,416","223,586","16.2%","373,368","58,969","15.8%","3,250,533","412,861","12.7%","1,803,173","264,471","14.7%","131,473","13,593","10.3%","2,250,258","237,485","10.6%","751,421","123,292","16.4%","749,549","106,643","14.2%","2,408,628","228,422","9.5%","182,331","21,175","11.6%","875,871","124,370","14.2%","169,908","16,853","9.9%","1,250,232","150,199","12.0%","4,717,236","1,096,763","23.3%","638,866","82,137","12.9%","129,482","10,476","8.1%","1,407,812","194,447","13.8%","1,298,024","195,668","15.1%","359,923","42,660","11.9%","1,165,189","93,217","8.0%","119,988","19,102","15.9%","403,160","22,069","5.5%"
"    $75,000 to $99,999","601,649","39,656","6.6%","106,179","16,729","15.8%","816,132","90,926","11.1%","345,399","33,263","9.6%","4,837,124","691,573","14.3%","741,111","67,371","9.1%","476,398","38,881","8.2%","136,948","10,051","7.3%","61,093","4,087","6.7%","2,315,205","322,776","13.9%","1,209,606","133,339","11.0%","217,817","12,068","5.5%","210,254","18,788","8.9%","1,810,441","162,652","9.0%","919,351","75,031","8.2%","474,454","19,018","4.0%","403,738","26,646","6.6%","550,393","38,142","6.9%","573,294","64,368","11.2%","185,219","13,119","7.1%","784,736","74,134","9.4%","876,572","30,948","3.5%","1,302,053","83,240","6.4%","856,534","44,015","5.1%","301,751","25,837","8.6%","793,366","56,852","7.2%","136,309","15,901","11.7%","275,265","14,073","5.1%","376,135","56,794","15.1%","211,458","16,258","7.7%","1,188,947","140,755","11.8%","256,270","30,972","12.1%","2,479,005","240,499","9.7%","1,203,770","117,294","9.7%","111,576","5,959","5.3%","1,564,488","96,715","6.2%","493,046","56,168","11.4%","535,036","52,405","9.8%","1,807,842","115,488","6.4%","142,908","9,685","6.8%","567,575","52,118","9.2%","128,103","9,513","7.4%","800,957","56,464","7.0%","3,281,770","516,499","15.7%","460,717","42,645","9.3%","94,721","4,550","4.8%","1,094,441","97,492","8.9%","980,376","102,367","10.4%","247,496","17,332","7.0%","874,883","41,571","4.8%","94,606","10,322","10.9%","151,218","10,732","7.1%"
"    $100,000 and over","880,023","32,881","3.7%","256,160","34,966","13.7%","1,392,617","96,981","7.0%","450,648","24,235","5.4%","11,535,310","911,659","7.9%","1,485,085","85,727","5.8%","1,401,541","61,726","4.4%","266,252","10,378","3.9%","239,508","8,923","3.7%","3,897,680","322,876","8.3%","2,136,957","126,667","5.9%","510,307","19,435","3.8%","273,422","19,047","7.0%","3,665,667","172,081","4.7%","1,288,496","71,399","5.5%","658,297","20,567","3.1%","644,442","26,133","4.1%","780,440","36,776","4.7%","937,277","60,708","6.5%","258,655","10,359","4.0%","2,370,412","119,795","5.1%","2,533,615","49,325","1.9%","2,130,830","89,024","4.2%","1,604,000","46,414","2.9%","435,103","30,019","6.9%","1,192,442","51,327","4.3%","185,723","15,549","8.4%","409,024","11,138","2.7%","579,521","52,587","9.1%","439,393","19,977","4.5%","3,586,561","206,962","5.8%","387,777","30,616","7.9%","6,138,012","352,000","5.7%","1,853,489","93,291","5.0%","186,370","8,541","4.6%","2,458,599","90,114","3.7%","687,763","56,564","8.2%","855,730","49,679","5.8%","3,206,194","128,623","4.0%","304,512","17,979","5.9%","844,882","55,153","6.5%","161,040","6,763","4.2%","1,162,286","55,521","4.8%","6,219,327","565,658","9.1%","718,273","44,854","6.2%","146,449","5,270","3.6%","2,702,987","129,868","4.8%","1,996,874","110,094","5.5%","284,344","15,861","5.6%","1,307,859","38,745","3.0%","137,293","12,686","9.2%","155,043","6,226","4.0%"
"RATIO OF INCOME TO POVERTY LEVEL IN THE PAST 12 MONTHS","","","","","","","","","","","","","","","","","","","","","","","","","","","","","","","","","","","","","","","","","","","","","","","","","","","","","","","","","","","","","","","","","","","","","","","","","","","","","","","","","","","","","","","","","","","","","","","","","","","","","","","","","","","","","","","","","","","","","","","","","","","","","","","","","","","","","","","","","","","","","","","","","","","","","","","","","","","",""
"    Civilian noninstitutionalized population for whom poverty status is determined","4,695,915","629,251","13.4%","704,735","144,434","20.5%","6,389,951","1,125,712","17.6%","2,860,549","473,176","16.5%","37,219,610","6,685,426","18.0%","5,047,369","747,905","14.8%","3,479,573","318,899","9.2%","888,425","78,784","8.9%","596,222","36,074","6.1%","18,875,285","3,800,269","20.1%","9,616,298","1,781,449","18.5%","1,330,687","91,763","6.9%","1,563,253","253,940","16.2%","12,566,464","1,614,291","12.8%","6,338,934","911,824","14.4%","2,972,496","252,058","8.5%","2,787,112","351,489","12.6%","4,236,038","590,691","13.9%","4,459,300","756,135","17.0%","1,292,494","132,720","10.3%","5,723,762","593,226","10.4%","6,411,047","249,773","3.9%","9,660,591","1,108,018","11.5%","5,254,437","422,307","8.0%","2,883,981","490,248","17.0%","5,828,445","795,339","13.6%","977,860","177,684","18.2%","1,796,119","203,846","11.3%","2,710,585","601,717","22.2%","1,278,902","138,203","10.8%","8,685,726","1,109,781","12.8%","2,038,126","375,809","18.4%","19,046,227","2,088,301","11.0%","9,436,515","1,574,311","16.7%","671,048","67,455","10.1%","11,220,287","1,297,873","11.6%","3,687,404","679,833","18.4%","3,824,019","574,299","15.0%","12,347,747","1,217,850","9.9%","1,008,481","112,071","11.1%","4,567,928","772,898","16.9%","802,740","93,418","11.6%","6,280,183","875,232","13.9%","25,388,086","5,735,154","22.6%","2,802,413","407,225","14.5%","601,104","39,730","6.6%","7,864,740","993,176","12.6%","6,729,013","939,900","14.0%","1,800,691","262,034","14.6%","5,571,361","502,462","9.0%","559,340","86,285","15.4%","3,633,110","262,457","7.2%"
"    Under 1.38 of poverty threshold","1,311,567","327,457","25.0%","117,461","37,388","31.8%","1,736,468","491,140","28.3%","824,921","226,435","27.4%","9,439,847","2,721,272","28.8%","1,022,696","281,236","27.5%","551,208","97,166","17.6%","163,438","23,082","14.1%","147,550","12,506","8.5%","4,891,015","1,585,941","32.4%","2,673,987","868,027","32.5%","231,301","30,377","13.1%","390,694","109,511","28.0%","2,715,561","656,196","24.2%","1,464,249","400,368","27.3%","563,767","99,879","17.7%","602,179","161,411","26.8%","1,175,256","299,497","25.5%","1,287,183","345,357","26.8%","287,795","41,133","14.3%","871,553","176,894","20.3%","1,100,005","73,032","6.6%","2,383,835","502,616","21.1%","912,609","142,846","15.7%","983,552","251,649","25.6%","1,405,387","360,650","25.7%","229,206","71,139","31.0%","365,640","89,805","24.6%","677,159","266,342","39.3%","194,397","45,712","23.5%","1,380,021","356,740","25.9%","613,539","173,574","28.3%","4,342,576","723,989","16.7%","2,553,025","738,469","28.9%","110,633","21,398","19.3%","2,626,244","563,644","21.5%","963,022","291,534","30.3%","952,882","255,510","26.8%","2,516,064","480,130","19.1%","207,045","40,072","19.4%","1,244,260","356,845","28.7%","166,809","38,430","23.0%","1,657,700","413,926","25.0%","6,816,802","2,435,003","35.7%","573,100","177,617","31.0%","111,073","9,700","8.7%","1,411,663","384,911","27.3%","1,361,276","352,205","25.9%","473,474","120,216","25.4%","1,106,173","208,081","18.8%","106,058","28,431","26.8%","2,113,440","161,939","7.7%"
"    1.38 to 1.99 of poverty threshold","577,932","104,417","18.1%","73,064","23,581","32.3%","803,118","213,585","26.6%","403,254","87,108","21.6%","4,421,268","1,290,104","29.2%","527,274","137,395","26.1%","277,137","50,733","18.3%","96,634","15,864","16.4%","47,664","5,057","10.6%","2,503,292","713,006","28.5%","1,180,088","306,924","26.0%","127,301","13,522","10.6%","234,052","53,666","22.9%","1,351,901","282,561","20.9%","781,008","157,314","20.1%","342,119","45,174","13.2%","326,155","61,171","18.8%","532,499","108,378","20.4%","549,123","124,552","22.7%","157,998","22,352","14.1%","491,083","97,079","19.8%","535,659","37,400","7.0%","1,103,136","188,911","17.1%","498,280","78,275","15.7%","398,963","82,892","20.8%","696,496","146,695","21.1%","135,819","36,075","26.6%","206,794","41,055","19.9%","351,401","106,117","30.2%","111,384","20,046","18.0%","783,136","188,876","24.1%","270,192","69,754","25.8%","1,944,003","348,473","17.9%","1,187,106","294,647","24.8%","64,234","12,401","19.3%","1,286,063","238,201","18.5%","480,466","115,334","24.0%","470,225","101,730","21.6%","1,351,494","219,741","16.3%","101,642","20,423","20.1%","612,786","146,784","24.0%","102,273","15,922","15.6%","828,696","154,937","18.7%","3,146,030","1,053,533","33.5%","381,250","80,332","21.1%","69,744","6,534","9.4%","769,120","173,790","22.6%","706,955","162,825","23.0%","243,462","48,001","19.7%","615,310","91,941","14.9%","62,135","14,981","24.1%","564,678","45,878","8.1%"
"    2.00 of poverty threshold and over","2,806,416","197,377","7.0%","514,210","83,465","16.2%","3,850,365","420,987","10.9%","1,632,374","159,633","9.8%","23,358,495","2,674,050","11.4%","3,497,399","329,274","9.4%","2,651,228","171,000","6.4%","628,353","39,838","6.3%","401,008","18,511","4.6%","11,480,978","1,501,322","13.1%","5,762,223","606,498","10.5%","972,085","47,864","4.9%","938,507","90,763","9.7%","8,499,002","675,534","7.9%","4,093,677","354,142","8.7%","2,066,610","107,005","5.2%","1,858,778","128,907","6.9%","2,528,283","182,816","7.2%","2,622,994","286,226","10.9%","846,701","69,235","8.2%","4,361,126","319,253","7.3%","4,775,383","139,341","2.9%","6,173,620","416,491","6.7%","3,843,548","201,186","5.2%","1,501,466","155,707","10.4%","3,726,562","287,994","7.7%","612,835","70,470","11.5%","1,223,685","72,986","6.0%","1,682,025","229,258","13.6%","973,121","72,445","7.4%","6,522,569","564,165","8.6%","1,154,395","132,481","11.5%","12,759,648","1,015,839","8.0%","5,696,384","541,195","9.5%","496,181","33,656","6.8%","7,307,980","496,028","6.8%","2,243,916","272,965","12.2%","2,400,912","217,059","9.0%","8,480,189","517,979","6.1%","699,794","51,576","7.4%","2,710,882","269,269","9.9%","533,658","39,066","7.3%","3,793,787","306,369","8.1%","15,425,254","2,246,618","14.6%","1,848,063","149,276","8.1%","420,287","23,496","5.6%","5,683,957","434,475","7.6%","4,660,782","424,870","9.1%","1,083,755","93,817","8.7%","3,849,878","202,440","5.3%","391,147","42,873","11.0%","954,992","54,640","5.7%"
"PERCENT IMPUTED","","","","","","","","","","","","","","","","","","","","","","","","","","","","","","","","","","","","","","","","","","","","","","","","","","","","","","","","","","","","","","","","","","","","","","","","","","","","","","","","","","","","","","","","","","","","","","","","","","","","","","","","","","","","","","","","","","","","","","","","","","","","","","","","","","","","","","","","","","","","","","","","","","","","","","","","","","","",""
"    Health insurance coverage","11.8%","(X)","(X)","7.8%","(X)","(X)","11.7%","(X)","(X)","9.6%","(X)","(X)","9.2%","(X)","(X)","10.8%","(X)","(X)","10.4%","(X)","(X)","10.4%","(X)","(X)","14.9%","(X)","(X)","12.8%","(X)","(X)","10.0%","(X)","(X)","12.4%","(X)","(X)","10.1%","(X)","(X)","9.4%","(X)","(X)","10.1%","(X)","(X)","10.5%","(X)","(X)","9.0%","(X)","(X)","10.0%","(X)","(X)","9.3%","(X)","(X)","10.5%","(X)","(X)","10.5%","(X)","(X)","11.6%","(X)","(X)","10.9%","(X)","(X)","9.7%","(X)","(X)","9.4%","(X)","(X)","10.4%","(X)","(X)","10.6%","(X)","(X)","9.4%","(X)","(X)","8.5%","(X)","(X)","9.3%","(X)","(X)","10.1%","(X)","(X)","10.3%","(X)","(X)","10.6%","(X)","(X)","9.9%","(X)","(X)","10.1%","(X)","(X)","9.8%","(X)","(X)","10.2%","(X)","(X)","11.0%","(X)","(X)","11.4%","(X)","(X)","10.3%","(X)","(X)","11.4%","(X)","(X)","9.8%","(X)","(X)","10.4%","(X)","(X)","8.4%","(X)","(X)","8.0%","(X)","(X)","9.4%","(X)","(X)","10.3%","(X)","(X)","10.1%","(X)","(X)","9.3%","(X)","(X)","9.5%","(X)","(X)","10.9%","(X)","(X)","5.8%","(X)","(X)"
"        Private health insurance","11.2%","(X)","(X)","7.1%","(X)","(X)","11.2%","(X)","(X)","9.1%","(X)","(X)","8.7%","(X)","(X)","10.4%","(X)","(X)","10.0%","(X)","(X)","10.1%","(X)","(X)","14.4%","(X)","(X)","12.2%","(X)","(X)","9.4%","(X)","(X)","11.5%","(X)","(X)","9.7%","(X)","(X)","9.1%","(X)","(X)","9.8%","(X)","(X)","10.0%","(X)","(X)","8.6%","(X)","(X)","9.5%","(X)","(X)","8.7%","(X)","(X)","10.0%","(X)","(X)","10.0%","(X)","(X)","11.0%","(X)","(X)","10.5%","(X)","(X)","9.4%","(X)","(X)","9.0%","(X)","(X)","10.0%","(X)","(X)","10.2%","(X)","(X)","9.0%","(X)","(X)","8.1%","(X)","(X)","9.1%","(X)","(X)","9.6%","(X)","(X)","9.7%","(X)","(X)","10.1%","(X)","(X)","9.5%","(X)","(X)","9.8%","(X)","(X)","9.4%","(X)","(X)","9.8%","(X)","(X)","10.4%","(X)","(X)","10.8%","(X)","(X)","10.0%","(X)","(X)","10.8%","(X)","(X)","9.4%","(X)","(X)","9.9%","(X)","(X)","7.9%","(X)","(X)","7.7%","(X)","(X)","8.9%","(X)","(X)","9.8%","(X)","(X)","9.7%","(X)","(X)","8.9%","(X)","(X)","9.1%","(X)","(X)","10.4%","(X)","(X)","5.4%","(X)","(X)"
"            Employer-based health insurance","7.8%","(X)","(X)","4.8%","(X)","(X)","8.7%","(X)","(X)","6.3%","(X)","(X)","6.5%","(X)","(X)","8.0%","(X)","(X)","6.7%","(X)","(X)","5.8%","(X)","(X)","11.4%","(X)","(X)","9.0%","(X)","(X)","6.8%","(X)","(X)","8.2%","(X)","(X)","6.9%","(X)","(X)","6.2%","(X)","(X)","6.7%","(X)","(X)","7.0%","(X)","(X)","5.9%","(X)","(X)","6.4%","(X)","(X)","6.0%","(X)","(X)","6.7%","(X)","(X)","6.5%","(X)","(X)","7.7%","(X)","(X)","6.4%","(X)","(X)","6.6%","(X)","(X)","6.4%","(X)","(X)","6.9%","(X)","(X)","7.3%","(X)","(X)","6.4%","(X)","(X)","5.7%","(X)","(X)","5.9%","(X)","(X)","6.4%","(X)","(X)","6.9%","(X)","(X)","7.1%","(X)","(X)","6.4%","(X)","(X)","6.8%","(X)","(X)","5.7%","(X)","(X)","6.7%","(X)","(X)","7.4%","(X)","(X)","7.6%","(X)","(X)","7.2%","(X)","(X)","7.5%","(X)","(X)","6.8%","(X)","(X)","6.8%","(X)","(X)","5.7%","(X)","(X)","5.2%","(X)","(X)","5.8%","(X)","(X)","6.5%","(X)","(X)","6.7%","(X)","(X)","5.2%","(X)","(X)","6.2%","(X)","(X)","7.8%","(X)","(X)","4.2%","(X)","(X)"
"            Direct-purchase health insurance","9.1%","(X)","(X)","6.3%","(X)","(X)","9.5%","(X)","(X)","7.0%","(X)","(X)","7.1%","(X)","(X)","8.7%","(X)","(X)","7.9%","(X)","(X)","8.0%","(X)","(X)","12.5%","(X)","(X)","10.0%","(X)","(X)","7.8%","(X)","(X)","9.7%","(X)","(X)","7.4%","(X)","(X)","6.9%","(X)","(X)","7.5%","(X)","(X)","6.9%","(X)","(X)","6.1%","(X)","(X)","7.4%","(X)","(X)","6.9%","(X)","(X)","7.6%","(X)","(X)","8.2%","(X)","(X)","8.8%","(X)","(X)","8.1%","(X)","(X)","6.6%","(X)","(X)","7.1%","(X)","(X)","7.8%","(X)","(X)","7.8%","(X)","(X)","6.6%","(X)","(X)","6.7%","(X)","(X)","7.0%","(X)","(X)","7.7%","(X)","(X)","8.2%","(X)","(X)","8.3%","(X)","(X)","7.4%","(X)","(X)","6.8%","(X)","(X)","7.3%","(X)","(X)","7.8%","(X)","(X)","7.8%","(X)","(X)","8.1%","(X)","(X)","7.6%","(X)","(X)","8.7%","(X)","(X)","6.6%","(X)","(X)","7.6%","(X)","(X)","6.6%","(X)","(X)","6.1%","(X)","(X)","6.8%","(X)","(X)","7.9%","(X)","(X)","7.6%","(X)","(X)","7.2%","(X)","(X)","6.8%","(X)","(X)","8.6%","(X)","(X)","4.2%","(X)","(X)"
"            TRICARE/military health coverage","9.9%","(X)","(X)","5.9%","(X)","(X)","10.3%","(X)","(X)","7.8%","(X)","(X)","7.7%","(X)","(X)","9.4%","(X)","(X)","9.1%","(X)","(X)","9.0%","(X)","(X)","12.5%","(X)","(X)","10.9%","(X)","(X)","8.3%","(X)","(X)","9.9%","(X)","(X)","8.5%","(X)","(X)","8.2%","(X)","(X)","9.1%","(X)","(X)","9.2%","(X)","(X)","7.6%","(X)","(X)","8.7%","(X)","(X)","7.7%","(X)","(X)","8.9%","(X)","(X)","9.0%","(X)","(X)","10.2%","(X)","(X)","9.7%","(X)","(X)","8.6%","(X)","(X)","8.0%","(X)","(X)","9.1%","(X)","(X)","8.9%","(X)","(X)","8.0%","(X)","(X)","7.0%","(X)","(X)","8.3%","(X)","(X)","8.9%","(X)","(X)","8.6%","(X)","(X)","9.4%","(X)","(X)","8.3%","(X)","(X)","9.0%","(X)","(X)","8.6%","(X)","(X)","8.7%","(X)","(X)","9.6%","(X)","(X)","10.0%","(X)","(X)","9.0%","(X)","(X)","9.3%","(X)","(X)","8.2%","(X)","(X)","8.9%","(X)","(X)","6.9%","(X)","(X)","6.8%","(X)","(X)","8.2%","(X)","(X)","8.1%","(X)","(X)","8.6%","(X)","(X)","7.9%","(X)","(X)","8.4%","(X)","(X)","9.6%","(X)","(X)","5.1%","(X)","(X)"
"        Public coverage","11.3%","(X)","(X)","7.3%","(X)","(X)","11.3%","(X)","(X)","8.9%","(X)","(X)","8.6%","(X)","(X)","10.3%","(X)","(X)","9.8%","(X)","(X)","10.0%","(X)","(X)","14.2%","(X)","(X)","12.1%","(X)","(X)","9.4%","(X)","(X)","11.6%","(X)","(X)","9.4%","(X)","(X)","8.9%","(X)","(X)","9.7%","(X)","(X)","9.9%","(X)","(X)","8.4%","(X)","(X)","9.5%","(X)","(X)","8.6%","(X)","(X)","9.9%","(X)","(X)","10.0%","(X)","(X)","10.9%","(X)","(X)","10.3%","(X)","(X)","9.3%","(X)","(X)","8.9%","(X)","(X)","9.9%","(X)","(X)","10.0%","(X)","(X)","8.8%","(X)","(X)","7.9%","(X)","(X)","8.9%","(X)","(X)","9.5%","(X)","(X)","9.8%","(X)","(X)","10.1%","(X)","(X)","9.4%","(X)","(X)","9.7%","(X)","(X)","9.3%","(X)","(X)","9.7%","(X)","(X)","10.5%","(X)","(X)","10.8%","(X)","(X)","9.8%","(X)","(X)","10.7%","(X)","(X)","9.3%","(X)","(X)","9.9%","(X)","(X)","7.8%","(X)","(X)","7.6%","(X)","(X)","8.9%","(X)","(X)","9.6%","(X)","(X)","9.6%","(X)","(X)","8.7%","(X)","(X)","9.1%","(X)","(X)","10.4%","(X)","(X)","5.3%","(X)","(X)"
"            Medicare coverage","6.2%","(X)","(X)","5.2%","(X)","(X)","7.3%","(X)","(X)","4.5%","(X)","(X)","5.5%","(X)","(X)","6.7%","(X)","(X)","5.2%","(X)","(X)","4.5%","(X)","(X)","10.2%","(X)","(X)","6.9%","(X)","(X)","5.8%","(X)","(X)","7.5%","(X)","(X)","5.4%","(X)","(X)","5.0%","(X)","(X)","5.3%","(X)","(X)","5.0%","(X)","(X)","4.1%","(X)","(X)","5.0%","(X)","(X)","4.9%","(X)","(X)","4.6%","(X)","(X)","5.8%","(X)","(X)","6.3%","(X)","(X)","5.1%","(X)","(X)","4.8%","(X)","(X)","4.9%","(X)","(X)","5.4%","(X)","(X)","5.4%","(X)","(X)","4.7%","(X)","(X)","4.7%","(X)","(X)","4.5%","(X)","(X)","5.3%","(X)","(X)","6.0%","(X)","(X)","6.3%","(X)","(X)","5.0%","(X)","(X)","5.2%","(X)","(X)","4.7%","(X)","(X)","5.6%","(X)","(X)","5.7%","(X)","(X)","5.9%","(X)","(X)","5.4%","(X)","(X)","6.0%","(X)","(X)","4.9%","(X)","(X)","5.3%","(X)","(X)","4.8%","(X)","(X)","4.7%","(X)","(X)","4.4%","(X)","(X)","5.3%","(X)","(X)","5.4%","(X)","(X)","4.0%","(X)","(X)","4.6%","(X)","(X)","6.7%","(X)","(X)","3.5%","(X)","(X)"
"            Medicaid/means-tested public coverage","9.8%","(X)","(X)","6.5%","(X)","(X)","10.2%","(X)","(X)","7.7%","(X)","(X)","7.5%","(X)","(X)","9.5%","(X)","(X)","8.4%","(X)","(X)","8.7%","(X)","(X)","12.9%","(X)","(X)","10.8%","(X)","(X)","8.3%","(X)","(X)","10.3%","(X)","(X)","8.4%","(X)","(X)","7.9%","(X)","(X)","8.6%","(X)","(X)","8.7%","(X)","(X)","7.4%","(X)","(X)","8.1%","(X)","(X)","7.3%","(X)","(X)","7.8%","(X)","(X)","8.9%","(X)","(X)","9.0%","(X)","(X)","9.0%","(X)","(X)","8.2%","(X)","(X)","7.5%","(X)","(X)","8.9%","(X)","(X)","8.9%","(X)","(X)","7.9%","(X)","(X)","7.1%","(X)","(X)","7.9%","(X)","(X)","8.5%","(X)","(X)","8.5%","(X)","(X)","8.9%","(X)","(X)","8.3%","(X)","(X)","8.9%","(X)","(X)","8.1%","(X)","(X)","8.5%","(X)","(X)","9.0%","(X)","(X)","9.5%","(X)","(X)","8.4%","(X)","(X)","9.6%","(X)","(X)","8.2%","(X)","(X)","8.5%","(X)","(X)","6.9%","(X)","(X)","6.8%","(X)","(X)","7.3%","(X)","(X)","8.7%","(X)","(X)","8.5%","(X)","(X)","7.5%","(X)","(X)","7.8%","(X)","(X)","9.6%","(X)","(X)","4.1%","(X)","(X)"
"            VA Health Care","10.1%","(X)","(X)","6.3%","(X)","(X)","10.2%","(X)","(X)","7.6%","(X)","(X)","7.6%","(X)","(X)","9.5%","(X)","(X)","8.9%","(X)","(X)","9.1%","(X)","(X)","12.3%","(X)","(X)","10.7%","(X)","(X)","8.4%","(X)","(X)","10.3%","(X)","(X)","8.3%","(X)","(X)","8.0%","(X)","(X)","8.8%","(X)","(X)","8.9%","(X)","(X)","7.4%","(X)","(X)","8.4%","(X)","(X)","7.7%","(X)","(X)","8.6%","(X)","(X)","9.1%","(X)","(X)","10.0%","(X)","(X)","9.4%","(X)","(X)","8.3%","(X)","(X)","7.9%","(X)","(X)","8.8%","(X)","(X)","8.6%","(X)","(X)","7.8%","(X)","(X)","6.9%","(X)","(X)","8.1%","(X)","(X)","8.8%","(X)","(X)","8.6%","(X)","(X)","9.2%","(X)","(X)","8.4%","(X)","(X)","8.6%","(X)","(X)","8.3%","(X)","(X)","8.6%","(X)","(X)","9.2%","(X)","(X)","9.8%","(X)","(X)","9.0%","(X)","(X)","9.5%","(X)","(X)","8.0%","(X)","(X)","8.9%","(X)","(X)","7.0%","(X)","(X)","6.9%","(X)","(X)","8.0%","(X)","(X)","8.8%","(X)","(X)","8.7%","(X)","(X)","7.6%","(X)","(X)","8.1%","(X)","(X)","9.2%","(X)","(X)","4.6%","(X)","(X)"